PCA1,PCA2,PCA3,PCA4,PCA5
NA,NA,NA,NA,NA
NA,NA,NA,NA,NA
NA,NA,NA,NA,NA
NA,NA,NA,NA,NA
NA,NA,NA,NA,NA
NA,NA,NA,NA,NA
NA,NA,NA,NA,NA
NA,NA,NA,NA,NA
NA,NA,NA,NA,NA
NA,NA,NA,NA,NA
NA,NA,NA,NA,NA
NA,NA,NA,NA,NA
NA,NA,NA,NA,NA
NA,NA,NA,NA,NA
NA,NA,NA,NA,NA
NA,NA,NA,NA,NA
NA,NA,NA,NA,NA
NA,NA,NA,NA,NA
NA,NA,NA,NA,NA
NA,NA,NA,NA,NA
NA,NA,NA,NA,NA
NA,NA,NA,NA,NA
NA,NA,NA,NA,NA
NA,NA,NA,NA,NA
NA,NA,NA,NA,NA
NA,NA,NA,NA,NA
NA,NA,NA,NA,NA
NA,NA,NA,NA,NA
NA,NA,NA,NA,NA
NA,NA,NA,NA,NA
NA,NA,NA,NA,NA
NA,NA,NA,NA,NA
NA,NA,NA,NA,NA
NA,NA,NA,NA,NA
NA,NA,NA,NA,NA
NA,NA,NA,NA,NA
NA,NA,NA,NA,NA
NA,NA,NA,NA,NA
NA,NA,NA,NA,NA
NA,NA,NA,NA,NA
NA,NA,NA,NA,NA
NA,NA,NA,NA,NA
NA,NA,NA,NA,NA
NA,NA,NA,NA,NA
NA,NA,NA,NA,NA
NA,NA,NA,NA,NA
NA,NA,NA,NA,NA
NA,NA,NA,NA,NA
NA,NA,NA,NA,NA
NA,NA,NA,NA,NA
NA,NA,NA,NA,NA
NA,NA,NA,NA,NA
NA,NA,NA,NA,NA
NA,NA,NA,NA,NA
NA,NA,NA,NA,NA
NA,NA,NA,NA,NA
NA,NA,NA,NA,NA
NA,NA,NA,NA,NA
NA,NA,NA,NA,NA
NA,NA,NA,NA,NA
NA,NA,NA,NA,NA
NA,NA,NA,NA,NA
NA,NA,NA,NA,NA
NA,NA,NA,NA,NA
NA,NA,NA,NA,NA
NA,NA,NA,NA,NA
NA,NA,NA,NA,NA
NA,NA,NA,NA,NA
NA,NA,NA,NA,NA
NA,NA,NA,NA,NA
NA,NA,NA,NA,NA
NA,NA,NA,NA,NA
NA,NA,NA,NA,NA
NA,NA,NA,NA,NA
NA,NA,NA,NA,NA
NA,NA,NA,NA,NA
NA,NA,NA,NA,NA
NA,NA,NA,NA,NA
NA,NA,NA,NA,NA
NA,NA,NA,NA,NA
NA,NA,NA,NA,NA
NA,NA,NA,NA,NA
NA,NA,NA,NA,NA
NA,NA,NA,NA,NA
NA,NA,NA,NA,NA
NA,NA,NA,NA,NA
NA,NA,NA,NA,NA
NA,NA,NA,NA,NA
NA,NA,NA,NA,NA
NA,NA,NA,NA,NA
NA,NA,NA,NA,NA
NA,NA,NA,NA,NA
NA,NA,NA,NA,NA
NA,NA,NA,NA,NA
NA,NA,NA,NA,NA
NA,NA,NA,NA,NA
NA,NA,NA,NA,NA
NA,NA,NA,NA,NA
NA,NA,NA,NA,NA
NA,NA,NA,NA,NA
NA,NA,NA,NA,NA
NA,NA,NA,NA,NA
NA,NA,NA,NA,NA
NA,NA,NA,NA,NA
NA,NA,NA,NA,NA
NA,NA,NA,NA,NA
NA,NA,NA,NA,NA
NA,NA,NA,NA,NA
NA,NA,NA,NA,NA
NA,NA,NA,NA,NA
NA,NA,NA,NA,NA
NA,NA,NA,NA,NA
NA,NA,NA,NA,NA
NA,NA,NA,NA,NA
NA,NA,NA,NA,NA
NA,NA,NA,NA,NA
NA,NA,NA,NA,NA
NA,NA,NA,NA,NA
NA,NA,NA,NA,NA
NA,NA,NA,NA,NA
NA,NA,NA,NA,NA
NA,NA,NA,NA,NA
NA,NA,NA,NA,NA
NA,NA,NA,NA,NA
NA,NA,NA,NA,NA
NA,NA,NA,NA,NA
NA,NA,NA,NA,NA
NA,NA,NA,NA,NA
NA,NA,NA,NA,NA
NA,NA,NA,NA,NA
NA,NA,NA,NA,NA
NA,NA,NA,NA,NA
NA,NA,NA,NA,NA
NA,NA,NA,NA,NA
NA,NA,NA,NA,NA
NA,NA,NA,NA,NA
NA,NA,NA,NA,NA
NA,NA,NA,NA,NA
NA,NA,NA,NA,NA
NA,NA,NA,NA,NA
NA,NA,NA,NA,NA
NA,NA,NA,NA,NA
NA,NA,NA,NA,NA
NA,NA,NA,NA,NA
NA,NA,NA,NA,NA
NA,NA,NA,NA,NA
NA,NA,NA,NA,NA
NA,NA,NA,NA,NA
NA,NA,NA,NA,NA
NA,NA,NA,NA,NA
NA,NA,NA,NA,NA
NA,NA,NA,NA,NA
NA,NA,NA,NA,NA
NA,NA,NA,NA,NA
NA,NA,NA,NA,NA
NA,NA,NA,NA,NA
NA,NA,NA,NA,NA
NA,NA,NA,NA,NA
NA,NA,NA,NA,NA
NA,NA,NA,NA,NA
NA,NA,NA,NA,NA
NA,NA,NA,NA,NA
NA,NA,NA,NA,NA
NA,NA,NA,NA,NA
NA,NA,NA,NA,NA
NA,NA,NA,NA,NA
NA,NA,NA,NA,NA
NA,NA,NA,NA,NA
NA,NA,NA,NA,NA
NA,NA,NA,NA,NA
NA,NA,NA,NA,NA
NA,NA,NA,NA,NA
NA,NA,NA,NA,NA
NA,NA,NA,NA,NA
NA,NA,NA,NA,NA
NA,NA,NA,NA,NA
NA,NA,NA,NA,NA
NA,NA,NA,NA,NA
NA,NA,NA,NA,NA
NA,NA,NA,NA,NA
NA,NA,NA,NA,NA
NA,NA,NA,NA,NA
NA,NA,NA,NA,NA
NA,NA,NA,NA,NA
NA,NA,NA,NA,NA
NA,NA,NA,NA,NA
NA,NA,NA,NA,NA
NA,NA,NA,NA,NA
NA,NA,NA,NA,NA
NA,NA,NA,NA,NA
NA,NA,NA,NA,NA
NA,NA,NA,NA,NA
NA,NA,NA,NA,NA
NA,NA,NA,NA,NA
NA,NA,NA,NA,NA
NA,NA,NA,NA,NA
NA,NA,NA,NA,NA
NA,NA,NA,NA,NA
NA,NA,NA,NA,NA
NA,NA,NA,NA,NA
NA,NA,NA,NA,NA
NA,NA,NA,NA,NA
NA,NA,NA,NA,NA
NA,NA,NA,NA,NA
NA,NA,NA,NA,NA
NA,NA,NA,NA,NA
NA,NA,NA,NA,NA
NA,NA,NA,NA,NA
NA,NA,NA,NA,NA
NA,NA,NA,NA,NA
NA,NA,NA,NA,NA
NA,NA,NA,NA,NA
NA,NA,NA,NA,NA
NA,NA,NA,NA,NA
NA,NA,NA,NA,NA
NA,NA,NA,NA,NA
NA,NA,NA,NA,NA
NA,NA,NA,NA,NA
NA,NA,NA,NA,NA
NA,NA,NA,NA,NA
NA,NA,NA,NA,NA
NA,NA,NA,NA,NA
NA,NA,NA,NA,NA
NA,NA,NA,NA,NA
NA,NA,NA,NA,NA
NA,NA,NA,NA,NA
NA,NA,NA,NA,NA
NA,NA,NA,NA,NA
NA,NA,NA,NA,NA
NA,NA,NA,NA,NA
NA,NA,NA,NA,NA
NA,NA,NA,NA,NA
NA,NA,NA,NA,NA
NA,NA,NA,NA,NA
NA,NA,NA,NA,NA
NA,NA,NA,NA,NA
NA,NA,NA,NA,NA
NA,NA,NA,NA,NA
NA,NA,NA,NA,NA
NA,NA,NA,NA,NA
NA,NA,NA,NA,NA
NA,NA,NA,NA,NA
NA,NA,NA,NA,NA
NA,NA,NA,NA,NA
NA,NA,NA,NA,NA
NA,NA,NA,NA,NA
NA,NA,NA,NA,NA
NA,NA,NA,NA,NA
NA,NA,NA,NA,NA
NA,NA,NA,NA,NA
NA,NA,NA,NA,NA
NA,NA,NA,NA,NA
NA,NA,NA,NA,NA
NA,NA,NA,NA,NA
NA,NA,NA,NA,NA
NA,NA,NA,NA,NA
NA,NA,NA,NA,NA
NA,NA,NA,NA,NA
NA,NA,NA,NA,NA
NA,NA,NA,NA,NA
NA,NA,NA,NA,NA
NA,NA,NA,NA,NA
NA,NA,NA,NA,NA
NA,NA,NA,NA,NA
NA,NA,NA,NA,NA
NA,NA,NA,NA,NA
NA,NA,NA,NA,NA
NA,NA,NA,NA,NA
NA,NA,NA,NA,NA
NA,NA,NA,NA,NA
NA,NA,NA,NA,NA
NA,NA,NA,NA,NA
NA,NA,NA,NA,NA
NA,NA,NA,NA,NA
NA,NA,NA,NA,NA
NA,NA,NA,NA,NA
NA,NA,NA,NA,NA
NA,NA,NA,NA,NA
NA,NA,NA,NA,NA
NA,NA,NA,NA,NA
NA,NA,NA,NA,NA
NA,NA,NA,NA,NA
NA,NA,NA,NA,NA
NA,NA,NA,NA,NA
NA,NA,NA,NA,NA
NA,NA,NA,NA,NA
NA,NA,NA,NA,NA
NA,NA,NA,NA,NA
NA,NA,NA,NA,NA
NA,NA,NA,NA,NA
NA,NA,NA,NA,NA
NA,NA,NA,NA,NA
NA,NA,NA,NA,NA
NA,NA,NA,NA,NA
NA,NA,NA,NA,NA
NA,NA,NA,NA,NA
NA,NA,NA,NA,NA
NA,NA,NA,NA,NA
NA,NA,NA,NA,NA
NA,NA,NA,NA,NA
NA,NA,NA,NA,NA
NA,NA,NA,NA,NA
NA,NA,NA,NA,NA
NA,NA,NA,NA,NA
NA,NA,NA,NA,NA
NA,NA,NA,NA,NA
NA,NA,NA,NA,NA
NA,NA,NA,NA,NA
NA,NA,NA,NA,NA
NA,NA,NA,NA,NA
NA,NA,NA,NA,NA
NA,NA,NA,NA,NA
NA,NA,NA,NA,NA
NA,NA,NA,NA,NA
NA,NA,NA,NA,NA
NA,NA,NA,NA,NA
NA,NA,NA,NA,NA
NA,NA,NA,NA,NA
NA,NA,NA,NA,NA
NA,NA,NA,NA,NA
NA,NA,NA,NA,NA
NA,NA,NA,NA,NA
NA,NA,NA,NA,NA
NA,NA,NA,NA,NA
NA,NA,NA,NA,NA
NA,NA,NA,NA,NA
NA,NA,NA,NA,NA
NA,NA,NA,NA,NA
NA,NA,NA,NA,NA
NA,NA,NA,NA,NA
NA,NA,NA,NA,NA
NA,NA,NA,NA,NA
NA,NA,NA,NA,NA
NA,NA,NA,NA,NA
NA,NA,NA,NA,NA
NA,NA,NA,NA,NA
NA,NA,NA,NA,NA
NA,NA,NA,NA,NA
NA,NA,NA,NA,NA
NA,NA,NA,NA,NA
NA,NA,NA,NA,NA
NA,NA,NA,NA,NA
NA,NA,NA,NA,NA
NA,NA,NA,NA,NA
NA,NA,NA,NA,NA
NA,NA,NA,NA,NA
NA,NA,NA,NA,NA
NA,NA,NA,NA,NA
NA,NA,NA,NA,NA
NA,NA,NA,NA,NA
NA,NA,NA,NA,NA
NA,NA,NA,NA,NA
NA,NA,NA,NA,NA
NA,NA,NA,NA,NA
NA,NA,NA,NA,NA
NA,NA,NA,NA,NA
NA,NA,NA,NA,NA
NA,NA,NA,NA,NA
NA,NA,NA,NA,NA
NA,NA,NA,NA,NA
NA,NA,NA,NA,NA
NA,NA,NA,NA,NA
NA,NA,NA,NA,NA
NA,NA,NA,NA,NA
NA,NA,NA,NA,NA
NA,NA,NA,NA,NA
NA,NA,NA,NA,NA
NA,NA,NA,NA,NA
NA,NA,NA,NA,NA
NA,NA,NA,NA,NA
NA,NA,NA,NA,NA
NA,NA,NA,NA,NA
NA,NA,NA,NA,NA
NA,NA,NA,NA,NA
NA,NA,NA,NA,NA
NA,NA,NA,NA,NA
NA,NA,NA,NA,NA
NA,NA,NA,NA,NA
NA,NA,NA,NA,NA
NA,NA,NA,NA,NA
NA,NA,NA,NA,NA
NA,NA,NA,NA,NA
NA,NA,NA,NA,NA
NA,NA,NA,NA,NA
NA,NA,NA,NA,NA
NA,NA,NA,NA,NA
NA,NA,NA,NA,NA
NA,NA,NA,NA,NA
NA,NA,NA,NA,NA
NA,NA,NA,NA,NA
NA,NA,NA,NA,NA
NA,NA,NA,NA,NA
NA,NA,NA,NA,NA
NA,NA,NA,NA,NA
NA,NA,NA,NA,NA
NA,NA,NA,NA,NA
NA,NA,NA,NA,NA
NA,NA,NA,NA,NA
NA,NA,NA,NA,NA
NA,NA,NA,NA,NA
NA,NA,NA,NA,NA
NA,NA,NA,NA,NA
NA,NA,NA,NA,NA
NA,NA,NA,NA,NA
NA,NA,NA,NA,NA
NA,NA,NA,NA,NA
NA,NA,NA,NA,NA
NA,NA,NA,NA,NA
NA,NA,NA,NA,NA
NA,NA,NA,NA,NA
NA,NA,NA,NA,NA
NA,NA,NA,NA,NA
NA,NA,NA,NA,NA
NA,NA,NA,NA,NA
NA,NA,NA,NA,NA
NA,NA,NA,NA,NA
NA,NA,NA,NA,NA
NA,NA,NA,NA,NA
NA,NA,NA,NA,NA
NA,NA,NA,NA,NA
NA,NA,NA,NA,NA
NA,NA,NA,NA,NA
NA,NA,NA,NA,NA
NA,NA,NA,NA,NA
NA,NA,NA,NA,NA
NA,NA,NA,NA,NA
NA,NA,NA,NA,NA
NA,NA,NA,NA,NA
NA,NA,NA,NA,NA
NA,NA,NA,NA,NA
NA,NA,NA,NA,NA
NA,NA,NA,NA,NA
NA,NA,NA,NA,NA
NA,NA,NA,NA,NA
NA,NA,NA,NA,NA
NA,NA,NA,NA,NA
NA,NA,NA,NA,NA
NA,NA,NA,NA,NA
NA,NA,NA,NA,NA
NA,NA,NA,NA,NA
NA,NA,NA,NA,NA
NA,NA,NA,NA,NA
NA,NA,NA,NA,NA
NA,NA,NA,NA,NA
NA,NA,NA,NA,NA
NA,NA,NA,NA,NA
NA,NA,NA,NA,NA
NA,NA,NA,NA,NA
NA,NA,NA,NA,NA
NA,NA,NA,NA,NA
NA,NA,NA,NA,NA
NA,NA,NA,NA,NA
NA,NA,NA,NA,NA
NA,NA,NA,NA,NA
NA,NA,NA,NA,NA
NA,NA,NA,NA,NA
NA,NA,NA,NA,NA
NA,NA,NA,NA,NA
NA,NA,NA,NA,NA
NA,NA,NA,NA,NA
NA,NA,NA,NA,NA
NA,NA,NA,NA,NA
NA,NA,NA,NA,NA
NA,NA,NA,NA,NA
NA,NA,NA,NA,NA
NA,NA,NA,NA,NA
NA,NA,NA,NA,NA
NA,NA,NA,NA,NA
NA,NA,NA,NA,NA
NA,NA,NA,NA,NA
NA,NA,NA,NA,NA
NA,NA,NA,NA,NA
NA,NA,NA,NA,NA
NA,NA,NA,NA,NA
NA,NA,NA,NA,NA
NA,NA,NA,NA,NA
NA,NA,NA,NA,NA
NA,NA,NA,NA,NA
NA,NA,NA,NA,NA
NA,NA,NA,NA,NA
NA,NA,NA,NA,NA
NA,NA,NA,NA,NA
NA,NA,NA,NA,NA
NA,NA,NA,NA,NA
NA,NA,NA,NA,NA
NA,NA,NA,NA,NA
NA,NA,NA,NA,NA
NA,NA,NA,NA,NA
NA,NA,NA,NA,NA
NA,NA,NA,NA,NA
NA,NA,NA,NA,NA
NA,NA,NA,NA,NA
NA,NA,NA,NA,NA
NA,NA,NA,NA,NA
NA,NA,NA,NA,NA
NA,NA,NA,NA,NA
NA,NA,NA,NA,NA
NA,NA,NA,NA,NA
NA,NA,NA,NA,NA
NA,NA,NA,NA,NA
NA,NA,NA,NA,NA
NA,NA,NA,NA,NA
NA,NA,NA,NA,NA
NA,NA,NA,NA,NA
NA,NA,NA,NA,NA
NA,NA,NA,NA,NA
NA,NA,NA,NA,NA
NA,NA,NA,NA,NA
NA,NA,NA,NA,NA
NA,NA,NA,NA,NA
NA,NA,NA,NA,NA
NA,NA,NA,NA,NA
NA,NA,NA,NA,NA
NA,NA,NA,NA,NA
NA,NA,NA,NA,NA
NA,NA,NA,NA,NA
NA,NA,NA,NA,NA
NA,NA,NA,NA,NA
NA,NA,NA,NA,NA
NA,NA,NA,NA,NA
NA,NA,NA,NA,NA
NA,NA,NA,NA,NA
NA,NA,NA,NA,NA
NA,NA,NA,NA,NA
NA,NA,NA,NA,NA
NA,NA,NA,NA,NA
NA,NA,NA,NA,NA
NA,NA,NA,NA,NA
NA,NA,NA,NA,NA
NA,NA,NA,NA,NA
NA,NA,NA,NA,NA
NA,NA,NA,NA,NA
NA,NA,NA,NA,NA
NA,NA,NA,NA,NA
NA,NA,NA,NA,NA
NA,NA,NA,NA,NA
NA,NA,NA,NA,NA
NA,NA,NA,NA,NA
NA,NA,NA,NA,NA
NA,NA,NA,NA,NA
NA,NA,NA,NA,NA
NA,NA,NA,NA,NA
NA,NA,NA,NA,NA
NA,NA,NA,NA,NA
NA,NA,NA,NA,NA
NA,NA,NA,NA,NA
NA,NA,NA,NA,NA
NA,NA,NA,NA,NA
NA,NA,NA,NA,NA
NA,NA,NA,NA,NA
NA,NA,NA,NA,NA
NA,NA,NA,NA,NA
NA,NA,NA,NA,NA
NA,NA,NA,NA,NA
NA,NA,NA,NA,NA
NA,NA,NA,NA,NA
NA,NA,NA,NA,NA
NA,NA,NA,NA,NA
NA,NA,NA,NA,NA
NA,NA,NA,NA,NA
NA,NA,NA,NA,NA
NA,NA,NA,NA,NA
NA,NA,NA,NA,NA
NA,NA,NA,NA,NA
NA,NA,NA,NA,NA
NA,NA,NA,NA,NA
NA,NA,NA,NA,NA
NA,NA,NA,NA,NA
NA,NA,NA,NA,NA
NA,NA,NA,NA,NA
NA,NA,NA,NA,NA
NA,NA,NA,NA,NA
NA,NA,NA,NA,NA
NA,NA,NA,NA,NA
NA,NA,NA,NA,NA
NA,NA,NA,NA,NA
NA,NA,NA,NA,NA
NA,NA,NA,NA,NA
NA,NA,NA,NA,NA
NA,NA,NA,NA,NA
NA,NA,NA,NA,NA
NA,NA,NA,NA,NA
NA,NA,NA,NA,NA
NA,NA,NA,NA,NA
NA,NA,NA,NA,NA
NA,NA,NA,NA,NA
NA,NA,NA,NA,NA
NA,NA,NA,NA,NA
NA,NA,NA,NA,NA
NA,NA,NA,NA,NA
NA,NA,NA,NA,NA
NA,NA,NA,NA,NA
NA,NA,NA,NA,NA
NA,NA,NA,NA,NA
NA,NA,NA,NA,NA
NA,NA,NA,NA,NA
NA,NA,NA,NA,NA
NA,NA,NA,NA,NA
NA,NA,NA,NA,NA
NA,NA,NA,NA,NA
NA,NA,NA,NA,NA
NA,NA,NA,NA,NA
NA,NA,NA,NA,NA
NA,NA,NA,NA,NA
NA,NA,NA,NA,NA
NA,NA,NA,NA,NA
NA,NA,NA,NA,NA
NA,NA,NA,NA,NA
NA,NA,NA,NA,NA
NA,NA,NA,NA,NA
NA,NA,NA,NA,NA
NA,NA,NA,NA,NA
NA,NA,NA,NA,NA
NA,NA,NA,NA,NA
NA,NA,NA,NA,NA
NA,NA,NA,NA,NA
NA,NA,NA,NA,NA
NA,NA,NA,NA,NA
NA,NA,NA,NA,NA
NA,NA,NA,NA,NA
NA,NA,NA,NA,NA
NA,NA,NA,NA,NA
NA,NA,NA,NA,NA
NA,NA,NA,NA,NA
NA,NA,NA,NA,NA
NA,NA,NA,NA,NA
NA,NA,NA,NA,NA
NA,NA,NA,NA,NA
NA,NA,NA,NA,NA
NA,NA,NA,NA,NA
NA,NA,NA,NA,NA
NA,NA,NA,NA,NA
NA,NA,NA,NA,NA
NA,NA,NA,NA,NA
NA,NA,NA,NA,NA
NA,NA,NA,NA,NA
NA,NA,NA,NA,NA
NA,NA,NA,NA,NA
NA,NA,NA,NA,NA
NA,NA,NA,NA,NA
NA,NA,NA,NA,NA
NA,NA,NA,NA,NA
NA,NA,NA,NA,NA
NA,NA,NA,NA,NA
NA,NA,NA,NA,NA
NA,NA,NA,NA,NA
NA,NA,NA,NA,NA
NA,NA,NA,NA,NA
NA,NA,NA,NA,NA
NA,NA,NA,NA,NA
NA,NA,NA,NA,NA
NA,NA,NA,NA,NA
NA,NA,NA,NA,NA
NA,NA,NA,NA,NA
NA,NA,NA,NA,NA
NA,NA,NA,NA,NA
NA,NA,NA,NA,NA
NA,NA,NA,NA,NA
NA,NA,NA,NA,NA
NA,NA,NA,NA,NA
NA,NA,NA,NA,NA
NA,NA,NA,NA,NA
NA,NA,NA,NA,NA
NA,NA,NA,NA,NA
NA,NA,NA,NA,NA
NA,NA,NA,NA,NA
NA,NA,NA,NA,NA
NA,NA,NA,NA,NA
NA,NA,NA,NA,NA
NA,NA,NA,NA,NA
NA,NA,NA,NA,NA
NA,NA,NA,NA,NA
NA,NA,NA,NA,NA
NA,NA,NA,NA,NA
NA,NA,NA,NA,NA
NA,NA,NA,NA,NA
NA,NA,NA,NA,NA
NA,NA,NA,NA,NA
NA,NA,NA,NA,NA
NA,NA,NA,NA,NA
NA,NA,NA,NA,NA
NA,NA,NA,NA,NA
NA,NA,NA,NA,NA
NA,NA,NA,NA,NA
NA,NA,NA,NA,NA
NA,NA,NA,NA,NA
NA,NA,NA,NA,NA
NA,NA,NA,NA,NA
NA,NA,NA,NA,NA
NA,NA,NA,NA,NA
NA,NA,NA,NA,NA
NA,NA,NA,NA,NA
NA,NA,NA,NA,NA
NA,NA,NA,NA,NA
NA,NA,NA,NA,NA
NA,NA,NA,NA,NA
NA,NA,NA,NA,NA
NA,NA,NA,NA,NA
NA,NA,NA,NA,NA
NA,NA,NA,NA,NA
NA,NA,NA,NA,NA
NA,NA,NA,NA,NA
NA,NA,NA,NA,NA
NA,NA,NA,NA,NA
NA,NA,NA,NA,NA
NA,NA,NA,NA,NA
NA,NA,NA,NA,NA
NA,NA,NA,NA,NA
NA,NA,NA,NA,NA
NA,NA,NA,NA,NA
NA,NA,NA,NA,NA
NA,NA,NA,NA,NA
NA,NA,NA,NA,NA
NA,NA,NA,NA,NA
NA,NA,NA,NA,NA
NA,NA,NA,NA,NA
NA,NA,NA,NA,NA
NA,NA,NA,NA,NA
NA,NA,NA,NA,NA
NA,NA,NA,NA,NA
NA,NA,NA,NA,NA
NA,NA,NA,NA,NA
NA,NA,NA,NA,NA
NA,NA,NA,NA,NA
NA,NA,NA,NA,NA
NA,NA,NA,NA,NA
NA,NA,NA,NA,NA
NA,NA,NA,NA,NA
NA,NA,NA,NA,NA
NA,NA,NA,NA,NA
NA,NA,NA,NA,NA
NA,NA,NA,NA,NA
NA,NA,NA,NA,NA
NA,NA,NA,NA,NA
NA,NA,NA,NA,NA
NA,NA,NA,NA,NA
NA,NA,NA,NA,NA
NA,NA,NA,NA,NA
NA,NA,NA,NA,NA
NA,NA,NA,NA,NA
NA,NA,NA,NA,NA
NA,NA,NA,NA,NA
NA,NA,NA,NA,NA
NA,NA,NA,NA,NA
NA,NA,NA,NA,NA
NA,NA,NA,NA,NA
NA,NA,NA,NA,NA
NA,NA,NA,NA,NA
NA,NA,NA,NA,NA
NA,NA,NA,NA,NA
NA,NA,NA,NA,NA
NA,NA,NA,NA,NA
NA,NA,NA,NA,NA
NA,NA,NA,NA,NA
NA,NA,NA,NA,NA
NA,NA,NA,NA,NA
NA,NA,NA,NA,NA
NA,NA,NA,NA,NA
NA,NA,NA,NA,NA
NA,NA,NA,NA,NA
NA,NA,NA,NA,NA
NA,NA,NA,NA,NA
NA,NA,NA,NA,NA
NA,NA,NA,NA,NA
NA,NA,NA,NA,NA
NA,NA,NA,NA,NA
NA,NA,NA,NA,NA
NA,NA,NA,NA,NA
NA,NA,NA,NA,NA
NA,NA,NA,NA,NA
NA,NA,NA,NA,NA
NA,NA,NA,NA,NA
NA,NA,NA,NA,NA
NA,NA,NA,NA,NA
NA,NA,NA,NA,NA
NA,NA,NA,NA,NA
NA,NA,NA,NA,NA
NA,NA,NA,NA,NA
NA,NA,NA,NA,NA
NA,NA,NA,NA,NA
NA,NA,NA,NA,NA
NA,NA,NA,NA,NA
NA,NA,NA,NA,NA
NA,NA,NA,NA,NA
NA,NA,NA,NA,NA
NA,NA,NA,NA,NA
NA,NA,NA,NA,NA
NA,NA,NA,NA,NA
NA,NA,NA,NA,NA
NA,NA,NA,NA,NA
NA,NA,NA,NA,NA
NA,NA,NA,NA,NA
NA,NA,NA,NA,NA
NA,NA,NA,NA,NA
NA,NA,NA,NA,NA
NA,NA,NA,NA,NA
NA,NA,NA,NA,NA
NA,NA,NA,NA,NA
NA,NA,NA,NA,NA
NA,NA,NA,NA,NA
NA,NA,NA,NA,NA
NA,NA,NA,NA,NA
NA,NA,NA,NA,NA
NA,NA,NA,NA,NA
NA,NA,NA,NA,NA
NA,NA,NA,NA,NA
NA,NA,NA,NA,NA
NA,NA,NA,NA,NA
NA,NA,NA,NA,NA
NA,NA,NA,NA,NA
NA,NA,NA,NA,NA
NA,NA,NA,NA,NA
NA,NA,NA,NA,NA
NA,NA,NA,NA,NA
NA,NA,NA,NA,NA
NA,NA,NA,NA,NA
NA,NA,NA,NA,NA
NA,NA,NA,NA,NA
NA,NA,NA,NA,NA
NA,NA,NA,NA,NA
NA,NA,NA,NA,NA
NA,NA,NA,NA,NA
NA,NA,NA,NA,NA
NA,NA,NA,NA,NA
NA,NA,NA,NA,NA
NA,NA,NA,NA,NA
NA,NA,NA,NA,NA
NA,NA,NA,NA,NA
NA,NA,NA,NA,NA
NA,NA,NA,NA,NA
NA,NA,NA,NA,NA
NA,NA,NA,NA,NA
NA,NA,NA,NA,NA
NA,NA,NA,NA,NA
NA,NA,NA,NA,NA
NA,NA,NA,NA,NA
NA,NA,NA,NA,NA
NA,NA,NA,NA,NA
NA,NA,NA,NA,NA
NA,NA,NA,NA,NA
NA,NA,NA,NA,NA
NA,NA,NA,NA,NA
NA,NA,NA,NA,NA
NA,NA,NA,NA,NA
NA,NA,NA,NA,NA
NA,NA,NA,NA,NA
NA,NA,NA,NA,NA
NA,NA,NA,NA,NA
NA,NA,NA,NA,NA
NA,NA,NA,NA,NA
NA,NA,NA,NA,NA
NA,NA,NA,NA,NA
NA,NA,NA,NA,NA
NA,NA,NA,NA,NA
NA,NA,NA,NA,NA
NA,NA,NA,NA,NA
NA,NA,NA,NA,NA
NA,NA,NA,NA,NA
NA,NA,NA,NA,NA
NA,NA,NA,NA,NA
NA,NA,NA,NA,NA
NA,NA,NA,NA,NA
NA,NA,NA,NA,NA
NA,NA,NA,NA,NA
NA,NA,NA,NA,NA
NA,NA,NA,NA,NA
NA,NA,NA,NA,NA
NA,NA,NA,NA,NA
NA,NA,NA,NA,NA
NA,NA,NA,NA,NA
NA,NA,NA,NA,NA
NA,NA,NA,NA,NA
NA,NA,NA,NA,NA
NA,NA,NA,NA,NA
NA,NA,NA,NA,NA
NA,NA,NA,NA,NA
NA,NA,NA,NA,NA
NA,NA,NA,NA,NA
NA,NA,NA,NA,NA
NA,NA,NA,NA,NA
NA,NA,NA,NA,NA
NA,NA,NA,NA,NA
NA,NA,NA,NA,NA
NA,NA,NA,NA,NA
NA,NA,NA,NA,NA
NA,NA,NA,NA,NA
NA,NA,NA,NA,NA
NA,NA,NA,NA,NA
NA,NA,NA,NA,NA
NA,NA,NA,NA,NA
NA,NA,NA,NA,NA
NA,NA,NA,NA,NA
NA,NA,NA,NA,NA
NA,NA,NA,NA,NA
NA,NA,NA,NA,NA
NA,NA,NA,NA,NA
NA,NA,NA,NA,NA
NA,NA,NA,NA,NA
NA,NA,NA,NA,NA
NA,NA,NA,NA,NA
NA,NA,NA,NA,NA
NA,NA,NA,NA,NA
NA,NA,NA,NA,NA
NA,NA,NA,NA,NA
NA,NA,NA,NA,NA
NA,NA,NA,NA,NA
NA,NA,NA,NA,NA
NA,NA,NA,NA,NA
NA,NA,NA,NA,NA
NA,NA,NA,NA,NA
NA,NA,NA,NA,NA
NA,NA,NA,NA,NA
NA,NA,NA,NA,NA
NA,NA,NA,NA,NA
NA,NA,NA,NA,NA
NA,NA,NA,NA,NA
NA,NA,NA,NA,NA
NA,NA,NA,NA,NA
NA,NA,NA,NA,NA
NA,NA,NA,NA,NA
NA,NA,NA,NA,NA
NA,NA,NA,NA,NA
NA,NA,NA,NA,NA
NA,NA,NA,NA,NA
NA,NA,NA,NA,NA
NA,NA,NA,NA,NA
NA,NA,NA,NA,NA
NA,NA,NA,NA,NA
NA,NA,NA,NA,NA
NA,NA,NA,NA,NA
NA,NA,NA,NA,NA
NA,NA,NA,NA,NA
NA,NA,NA,NA,NA
NA,NA,NA,NA,NA
NA,NA,NA,NA,NA
NA,NA,NA,NA,NA
NA,NA,NA,NA,NA
NA,NA,NA,NA,NA
NA,NA,NA,NA,NA
NA,NA,NA,NA,NA
NA,NA,NA,NA,NA
NA,NA,NA,NA,NA
NA,NA,NA,NA,NA
NA,NA,NA,NA,NA
NA,NA,NA,NA,NA
NA,NA,NA,NA,NA
NA,NA,NA,NA,NA
NA,NA,NA,NA,NA
NA,NA,NA,NA,NA
NA,NA,NA,NA,NA
NA,NA,NA,NA,NA
NA,NA,NA,NA,NA
NA,NA,NA,NA,NA
NA,NA,NA,NA,NA
NA,NA,NA,NA,NA
NA,NA,NA,NA,NA
NA,NA,NA,NA,NA
NA,NA,NA,NA,NA
NA,NA,NA,NA,NA
NA,NA,NA,NA,NA
NA,NA,NA,NA,NA
NA,NA,NA,NA,NA
NA,NA,NA,NA,NA
NA,NA,NA,NA,NA
NA,NA,NA,NA,NA
NA,NA,NA,NA,NA
NA,NA,NA,NA,NA
NA,NA,NA,NA,NA
NA,NA,NA,NA,NA
NA,NA,NA,NA,NA
NA,NA,NA,NA,NA
NA,NA,NA,NA,NA
NA,NA,NA,NA,NA
NA,NA,NA,NA,NA
NA,NA,NA,NA,NA
NA,NA,NA,NA,NA
NA,NA,NA,NA,NA
NA,NA,NA,NA,NA
NA,NA,NA,NA,NA
NA,NA,NA,NA,NA
NA,NA,NA,NA,NA
NA,NA,NA,NA,NA
NA,NA,NA,NA,NA
NA,NA,NA,NA,NA
NA,NA,NA,NA,NA
NA,NA,NA,NA,NA
NA,NA,NA,NA,NA
NA,NA,NA,NA,NA
NA,NA,NA,NA,NA
NA,NA,NA,NA,NA
NA,NA,NA,NA,NA
NA,NA,NA,NA,NA
NA,NA,NA,NA,NA
NA,NA,NA,NA,NA
NA,NA,NA,NA,NA
NA,NA,NA,NA,NA
NA,NA,NA,NA,NA
NA,NA,NA,NA,NA
NA,NA,NA,NA,NA
NA,NA,NA,NA,NA
NA,NA,NA,NA,NA
NA,NA,NA,NA,NA
NA,NA,NA,NA,NA
NA,NA,NA,NA,NA
NA,NA,NA,NA,NA
NA,NA,NA,NA,NA
NA,NA,NA,NA,NA
NA,NA,NA,NA,NA
NA,NA,NA,NA,NA
NA,NA,NA,NA,NA
NA,NA,NA,NA,NA
NA,NA,NA,NA,NA
NA,NA,NA,NA,NA
NA,NA,NA,NA,NA
NA,NA,NA,NA,NA
NA,NA,NA,NA,NA
NA,NA,NA,NA,NA
NA,NA,NA,NA,NA
NA,NA,NA,NA,NA
NA,NA,NA,NA,NA
NA,NA,NA,NA,NA
NA,NA,NA,NA,NA
NA,NA,NA,NA,NA
NA,NA,NA,NA,NA
NA,NA,NA,NA,NA
NA,NA,NA,NA,NA
NA,NA,NA,NA,NA
NA,NA,NA,NA,NA
NA,NA,NA,NA,NA
NA,NA,NA,NA,NA
NA,NA,NA,NA,NA
NA,NA,NA,NA,NA
NA,NA,NA,NA,NA
NA,NA,NA,NA,NA
NA,NA,NA,NA,NA
NA,NA,NA,NA,NA
NA,NA,NA,NA,NA
NA,NA,NA,NA,NA
NA,NA,NA,NA,NA
NA,NA,NA,NA,NA
NA,NA,NA,NA,NA
NA,NA,NA,NA,NA
NA,NA,NA,NA,NA
NA,NA,NA,NA,NA
NA,NA,NA,NA,NA
NA,NA,NA,NA,NA
NA,NA,NA,NA,NA
NA,NA,NA,NA,NA
NA,NA,NA,NA,NA
NA,NA,NA,NA,NA
NA,NA,NA,NA,NA
NA,NA,NA,NA,NA
NA,NA,NA,NA,NA
NA,NA,NA,NA,NA
NA,NA,NA,NA,NA
NA,NA,NA,NA,NA
NA,NA,NA,NA,NA
NA,NA,NA,NA,NA
NA,NA,NA,NA,NA
NA,NA,NA,NA,NA
NA,NA,NA,NA,NA
NA,NA,NA,NA,NA
NA,NA,NA,NA,NA
NA,NA,NA,NA,NA
NA,NA,NA,NA,NA
NA,NA,NA,NA,NA
NA,NA,NA,NA,NA
NA,NA,NA,NA,NA
NA,NA,NA,NA,NA
NA,NA,NA,NA,NA
NA,NA,NA,NA,NA
NA,NA,NA,NA,NA
NA,NA,NA,NA,NA
NA,NA,NA,NA,NA
NA,NA,NA,NA,NA
NA,NA,NA,NA,NA
NA,NA,NA,NA,NA
NA,NA,NA,NA,NA
NA,NA,NA,NA,NA
NA,NA,NA,NA,NA
NA,NA,NA,NA,NA
NA,NA,NA,NA,NA
NA,NA,NA,NA,NA
NA,NA,NA,NA,NA
NA,NA,NA,NA,NA
NA,NA,NA,NA,NA
NA,NA,NA,NA,NA
NA,NA,NA,NA,NA
NA,NA,NA,NA,NA
NA,NA,NA,NA,NA
NA,NA,NA,NA,NA
NA,NA,NA,NA,NA
NA,NA,NA,NA,NA
NA,NA,NA,NA,NA
NA,NA,NA,NA,NA
NA,NA,NA,NA,NA
NA,NA,NA,NA,NA
NA,NA,NA,NA,NA
NA,NA,NA,NA,NA
NA,NA,NA,NA,NA
NA,NA,NA,NA,NA
NA,NA,NA,NA,NA
NA,NA,NA,NA,NA
NA,NA,NA,NA,NA
NA,NA,NA,NA,NA
NA,NA,NA,NA,NA
NA,NA,NA,NA,NA
NA,NA,NA,NA,NA
NA,NA,NA,NA,NA
NA,NA,NA,NA,NA
NA,NA,NA,NA,NA
NA,NA,NA,NA,NA
NA,NA,NA,NA,NA
NA,NA,NA,NA,NA
NA,NA,NA,NA,NA
NA,NA,NA,NA,NA
NA,NA,NA,NA,NA
NA,NA,NA,NA,NA
NA,NA,NA,NA,NA
NA,NA,NA,NA,NA
NA,NA,NA,NA,NA
NA,NA,NA,NA,NA
NA,NA,NA,NA,NA
NA,NA,NA,NA,NA
NA,NA,NA,NA,NA
NA,NA,NA,NA,NA
NA,NA,NA,NA,NA
NA,NA,NA,NA,NA
NA,NA,NA,NA,NA
NA,NA,NA,NA,NA
NA,NA,NA,NA,NA
NA,NA,NA,NA,NA
NA,NA,NA,NA,NA
NA,NA,NA,NA,NA
NA,NA,NA,NA,NA
NA,NA,NA,NA,NA
NA,NA,NA,NA,NA
NA,NA,NA,NA,NA
NA,NA,NA,NA,NA
NA,NA,NA,NA,NA
NA,NA,NA,NA,NA
NA,NA,NA,NA,NA
NA,NA,NA,NA,NA
NA,NA,NA,NA,NA
NA,NA,NA,NA,NA
NA,NA,NA,NA,NA
NA,NA,NA,NA,NA
NA,NA,NA,NA,NA
NA,NA,NA,NA,NA
NA,NA,NA,NA,NA
NA,NA,NA,NA,NA
NA,NA,NA,NA,NA
NA,NA,NA,NA,NA
NA,NA,NA,NA,NA
NA,NA,NA,NA,NA
NA,NA,NA,NA,NA
NA,NA,NA,NA,NA
NA,NA,NA,NA,NA
NA,NA,NA,NA,NA
NA,NA,NA,NA,NA
NA,NA,NA,NA,NA
NA,NA,NA,NA,NA
NA,NA,NA,NA,NA
NA,NA,NA,NA,NA
NA,NA,NA,NA,NA
NA,NA,NA,NA,NA
NA,NA,NA,NA,NA
NA,NA,NA,NA,NA
NA,NA,NA,NA,NA
NA,NA,NA,NA,NA
NA,NA,NA,NA,NA
NA,NA,NA,NA,NA
NA,NA,NA,NA,NA
NA,NA,NA,NA,NA
NA,NA,NA,NA,NA
NA,NA,NA,NA,NA
NA,NA,NA,NA,NA
NA,NA,NA,NA,NA
NA,NA,NA,NA,NA
NA,NA,NA,NA,NA
NA,NA,NA,NA,NA
NA,NA,NA,NA,NA
NA,NA,NA,NA,NA
NA,NA,NA,NA,NA
NA,NA,NA,NA,NA
NA,NA,NA,NA,NA
NA,NA,NA,NA,NA
NA,NA,NA,NA,NA
NA,NA,NA,NA,NA
NA,NA,NA,NA,NA
NA,NA,NA,NA,NA
NA,NA,NA,NA,NA
NA,NA,NA,NA,NA
NA,NA,NA,NA,NA
NA,NA,NA,NA,NA
NA,NA,NA,NA,NA
NA,NA,NA,NA,NA
NA,NA,NA,NA,NA
NA,NA,NA,NA,NA
NA,NA,NA,NA,NA
NA,NA,NA,NA,NA
NA,NA,NA,NA,NA
NA,NA,NA,NA,NA
NA,NA,NA,NA,NA
NA,NA,NA,NA,NA
NA,NA,NA,NA,NA
NA,NA,NA,NA,NA
NA,NA,NA,NA,NA
NA,NA,NA,NA,NA
NA,NA,NA,NA,NA
NA,NA,NA,NA,NA
NA,NA,NA,NA,NA
NA,NA,NA,NA,NA
NA,NA,NA,NA,NA
NA,NA,NA,NA,NA
NA,NA,NA,NA,NA
NA,NA,NA,NA,NA
NA,NA,NA,NA,NA
NA,NA,NA,NA,NA
NA,NA,NA,NA,NA
NA,NA,NA,NA,NA
NA,NA,NA,NA,NA
NA,NA,NA,NA,NA
NA,NA,NA,NA,NA
NA,NA,NA,NA,NA
NA,NA,NA,NA,NA
NA,NA,NA,NA,NA
NA,NA,NA,NA,NA
NA,NA,NA,NA,NA
NA,NA,NA,NA,NA
NA,NA,NA,NA,NA
NA,NA,NA,NA,NA
NA,NA,NA,NA,NA
NA,NA,NA,NA,NA
NA,NA,NA,NA,NA
NA,NA,NA,NA,NA
NA,NA,NA,NA,NA
NA,NA,NA,NA,NA
NA,NA,NA,NA,NA
NA,NA,NA,NA,NA
NA,NA,NA,NA,NA
NA,NA,NA,NA,NA
NA,NA,NA,NA,NA
NA,NA,NA,NA,NA
NA,NA,NA,NA,NA
NA,NA,NA,NA,NA
NA,NA,NA,NA,NA
NA,NA,NA,NA,NA
NA,NA,NA,NA,NA
NA,NA,NA,NA,NA
NA,NA,NA,NA,NA
NA,NA,NA,NA,NA
NA,NA,NA,NA,NA
NA,NA,NA,NA,NA
NA,NA,NA,NA,NA
NA,NA,NA,NA,NA
NA,NA,NA,NA,NA
NA,NA,NA,NA,NA
NA,NA,NA,NA,NA
NA,NA,NA,NA,NA
NA,NA,NA,NA,NA
NA,NA,NA,NA,NA
NA,NA,NA,NA,NA
NA,NA,NA,NA,NA
NA,NA,NA,NA,NA
NA,NA,NA,NA,NA
NA,NA,NA,NA,NA
NA,NA,NA,NA,NA
NA,NA,NA,NA,NA
NA,NA,NA,NA,NA
NA,NA,NA,NA,NA
NA,NA,NA,NA,NA
NA,NA,NA,NA,NA
NA,NA,NA,NA,NA
NA,NA,NA,NA,NA
NA,NA,NA,NA,NA
NA,NA,NA,NA,NA
NA,NA,NA,NA,NA
NA,NA,NA,NA,NA
NA,NA,NA,NA,NA
NA,NA,NA,NA,NA
NA,NA,NA,NA,NA
NA,NA,NA,NA,NA
NA,NA,NA,NA,NA
NA,NA,NA,NA,NA
NA,NA,NA,NA,NA
NA,NA,NA,NA,NA
NA,NA,NA,NA,NA
NA,NA,NA,NA,NA
NA,NA,NA,NA,NA
NA,NA,NA,NA,NA
NA,NA,NA,NA,NA
NA,NA,NA,NA,NA
NA,NA,NA,NA,NA
NA,NA,NA,NA,NA
NA,NA,NA,NA,NA
NA,NA,NA,NA,NA
NA,NA,NA,NA,NA
NA,NA,NA,NA,NA
NA,NA,NA,NA,NA
NA,NA,NA,NA,NA
NA,NA,NA,NA,NA
NA,NA,NA,NA,NA
NA,NA,NA,NA,NA
NA,NA,NA,NA,NA
NA,NA,NA,NA,NA
NA,NA,NA,NA,NA
NA,NA,NA,NA,NA
NA,NA,NA,NA,NA
NA,NA,NA,NA,NA
NA,NA,NA,NA,NA
NA,NA,NA,NA,NA
NA,NA,NA,NA,NA
NA,NA,NA,NA,NA
NA,NA,NA,NA,NA
NA,NA,NA,NA,NA
NA,NA,NA,NA,NA
NA,NA,NA,NA,NA
NA,NA,NA,NA,NA
NA,NA,NA,NA,NA
NA,NA,NA,NA,NA
NA,NA,NA,NA,NA
NA,NA,NA,NA,NA
NA,NA,NA,NA,NA
NA,NA,NA,NA,NA
NA,NA,NA,NA,NA
NA,NA,NA,NA,NA
NA,NA,NA,NA,NA
NA,NA,NA,NA,NA
NA,NA,NA,NA,NA
NA,NA,NA,NA,NA
NA,NA,NA,NA,NA
NA,NA,NA,NA,NA
NA,NA,NA,NA,NA
NA,NA,NA,NA,NA
NA,NA,NA,NA,NA
NA,NA,NA,NA,NA
NA,NA,NA,NA,NA
NA,NA,NA,NA,NA
NA,NA,NA,NA,NA
NA,NA,NA,NA,NA
NA,NA,NA,NA,NA
NA,NA,NA,NA,NA
NA,NA,NA,NA,NA
NA,NA,NA,NA,NA
NA,NA,NA,NA,NA
NA,NA,NA,NA,NA
NA,NA,NA,NA,NA
NA,NA,NA,NA,NA
NA,NA,NA,NA,NA
NA,NA,NA,NA,NA
NA,NA,NA,NA,NA
NA,NA,NA,NA,NA
NA,NA,NA,NA,NA
NA,NA,NA,NA,NA
NA,NA,NA,NA,NA
NA,NA,NA,NA,NA
NA,NA,NA,NA,NA
NA,NA,NA,NA,NA
NA,NA,NA,NA,NA
NA,NA,NA,NA,NA
NA,NA,NA,NA,NA
NA,NA,NA,NA,NA
NA,NA,NA,NA,NA
NA,NA,NA,NA,NA
NA,NA,NA,NA,NA
NA,NA,NA,NA,NA
NA,NA,NA,NA,NA
NA,NA,NA,NA,NA
NA,NA,NA,NA,NA
NA,NA,NA,NA,NA
NA,NA,NA,NA,NA
NA,NA,NA,NA,NA
NA,NA,NA,NA,NA
NA,NA,NA,NA,NA
NA,NA,NA,NA,NA
NA,NA,NA,NA,NA
NA,NA,NA,NA,NA
NA,NA,NA,NA,NA
NA,NA,NA,NA,NA
NA,NA,NA,NA,NA
NA,NA,NA,NA,NA
NA,NA,NA,NA,NA
NA,NA,NA,NA,NA
NA,NA,NA,NA,NA
NA,NA,NA,NA,NA
NA,NA,NA,NA,NA
NA,NA,NA,NA,NA
NA,NA,NA,NA,NA
NA,NA,NA,NA,NA
NA,NA,NA,NA,NA
NA,NA,NA,NA,NA
NA,NA,NA,NA,NA
NA,NA,NA,NA,NA
NA,NA,NA,NA,NA
NA,NA,NA,NA,NA
NA,NA,NA,NA,NA
NA,NA,NA,NA,NA
NA,NA,NA,NA,NA
NA,NA,NA,NA,NA
NA,NA,NA,NA,NA
NA,NA,NA,NA,NA
NA,NA,NA,NA,NA
NA,NA,NA,NA,NA
NA,NA,NA,NA,NA
NA,NA,NA,NA,NA
NA,NA,NA,NA,NA
NA,NA,NA,NA,NA
NA,NA,NA,NA,NA
NA,NA,NA,NA,NA
NA,NA,NA,NA,NA
NA,NA,NA,NA,NA
NA,NA,NA,NA,NA
NA,NA,NA,NA,NA
NA,NA,NA,NA,NA
NA,NA,NA,NA,NA
NA,NA,NA,NA,NA
NA,NA,NA,NA,NA
NA,NA,NA,NA,NA
NA,NA,NA,NA,NA
NA,NA,NA,NA,NA
NA,NA,NA,NA,NA
NA,NA,NA,NA,NA
NA,NA,NA,NA,NA
NA,NA,NA,NA,NA
NA,NA,NA,NA,NA
NA,NA,NA,NA,NA
NA,NA,NA,NA,NA
NA,NA,NA,NA,NA
NA,NA,NA,NA,NA
NA,NA,NA,NA,NA
NA,NA,NA,NA,NA
NA,NA,NA,NA,NA
NA,NA,NA,NA,NA
NA,NA,NA,NA,NA
NA,NA,NA,NA,NA
NA,NA,NA,NA,NA
NA,NA,NA,NA,NA
NA,NA,NA,NA,NA
NA,NA,NA,NA,NA
NA,NA,NA,NA,NA
NA,NA,NA,NA,NA
NA,NA,NA,NA,NA
NA,NA,NA,NA,NA
NA,NA,NA,NA,NA
NA,NA,NA,NA,NA
NA,NA,NA,NA,NA
NA,NA,NA,NA,NA
NA,NA,NA,NA,NA
NA,NA,NA,NA,NA
NA,NA,NA,NA,NA
NA,NA,NA,NA,NA
NA,NA,NA,NA,NA
NA,NA,NA,NA,NA
NA,NA,NA,NA,NA
NA,NA,NA,NA,NA
NA,NA,NA,NA,NA
NA,NA,NA,NA,NA
NA,NA,NA,NA,NA
NA,NA,NA,NA,NA
NA,NA,NA,NA,NA
NA,NA,NA,NA,NA
NA,NA,NA,NA,NA
NA,NA,NA,NA,NA
NA,NA,NA,NA,NA
NA,NA,NA,NA,NA
NA,NA,NA,NA,NA
NA,NA,NA,NA,NA
NA,NA,NA,NA,NA
NA,NA,NA,NA,NA
NA,NA,NA,NA,NA
NA,NA,NA,NA,NA
NA,NA,NA,NA,NA
NA,NA,NA,NA,NA
NA,NA,NA,NA,NA
NA,NA,NA,NA,NA
NA,NA,NA,NA,NA
NA,NA,NA,NA,NA
NA,NA,NA,NA,NA
NA,NA,NA,NA,NA
NA,NA,NA,NA,NA
NA,NA,NA,NA,NA
NA,NA,NA,NA,NA
NA,NA,NA,NA,NA
NA,NA,NA,NA,NA
NA,NA,NA,NA,NA
NA,NA,NA,NA,NA
NA,NA,NA,NA,NA
NA,NA,NA,NA,NA
NA,NA,NA,NA,NA
NA,NA,NA,NA,NA
NA,NA,NA,NA,NA
NA,NA,NA,NA,NA
NA,NA,NA,NA,NA
NA,NA,NA,NA,NA
NA,NA,NA,NA,NA
NA,NA,NA,NA,NA
NA,NA,NA,NA,NA
NA,NA,NA,NA,NA
NA,NA,NA,NA,NA
NA,NA,NA,NA,NA
NA,NA,NA,NA,NA
NA,NA,NA,NA,NA
NA,NA,NA,NA,NA
NA,NA,NA,NA,NA
NA,NA,NA,NA,NA
NA,NA,NA,NA,NA
NA,NA,NA,NA,NA
NA,NA,NA,NA,NA
NA,NA,NA,NA,NA
NA,NA,NA,NA,NA
NA,NA,NA,NA,NA
NA,NA,NA,NA,NA
NA,NA,NA,NA,NA
NA,NA,NA,NA,NA
NA,NA,NA,NA,NA
NA,NA,NA,NA,NA
NA,NA,NA,NA,NA
NA,NA,NA,NA,NA
NA,NA,NA,NA,NA
NA,NA,NA,NA,NA
NA,NA,NA,NA,NA
NA,NA,NA,NA,NA
NA,NA,NA,NA,NA
NA,NA,NA,NA,NA
NA,NA,NA,NA,NA
NA,NA,NA,NA,NA
NA,NA,NA,NA,NA
NA,NA,NA,NA,NA
NA,NA,NA,NA,NA
NA,NA,NA,NA,NA
NA,NA,NA,NA,NA
NA,NA,NA,NA,NA
NA,NA,NA,NA,NA
NA,NA,NA,NA,NA
NA,NA,NA,NA,NA
NA,NA,NA,NA,NA
NA,NA,NA,NA,NA
NA,NA,NA,NA,NA
NA,NA,NA,NA,NA
NA,NA,NA,NA,NA
NA,NA,NA,NA,NA
NA,NA,NA,NA,NA
NA,NA,NA,NA,NA
NA,NA,NA,NA,NA
NA,NA,NA,NA,NA
NA,NA,NA,NA,NA
NA,NA,NA,NA,NA
NA,NA,NA,NA,NA
NA,NA,NA,NA,NA
NA,NA,NA,NA,NA
NA,NA,NA,NA,NA
NA,NA,NA,NA,NA
NA,NA,NA,NA,NA
NA,NA,NA,NA,NA
NA,NA,NA,NA,NA
NA,NA,NA,NA,NA
NA,NA,NA,NA,NA
NA,NA,NA,NA,NA
NA,NA,NA,NA,NA
NA,NA,NA,NA,NA
NA,NA,NA,NA,NA
NA,NA,NA,NA,NA
NA,NA,NA,NA,NA
NA,NA,NA,NA,NA
NA,NA,NA,NA,NA
NA,NA,NA,NA,NA
NA,NA,NA,NA,NA
NA,NA,NA,NA,NA
NA,NA,NA,NA,NA
NA,NA,NA,NA,NA
NA,NA,NA,NA,NA
NA,NA,NA,NA,NA
NA,NA,NA,NA,NA
NA,NA,NA,NA,NA
NA,NA,NA,NA,NA
NA,NA,NA,NA,NA
NA,NA,NA,NA,NA
NA,NA,NA,NA,NA
NA,NA,NA,NA,NA
NA,NA,NA,NA,NA
NA,NA,NA,NA,NA
NA,NA,NA,NA,NA
NA,NA,NA,NA,NA
NA,NA,NA,NA,NA
NA,NA,NA,NA,NA
NA,NA,NA,NA,NA
NA,NA,NA,NA,NA
NA,NA,NA,NA,NA
NA,NA,NA,NA,NA
NA,NA,NA,NA,NA
NA,NA,NA,NA,NA
NA,NA,NA,NA,NA
NA,NA,NA,NA,NA
NA,NA,NA,NA,NA
NA,NA,NA,NA,NA
NA,NA,NA,NA,NA
NA,NA,NA,NA,NA
NA,NA,NA,NA,NA
NA,NA,NA,NA,NA
NA,NA,NA,NA,NA
NA,NA,NA,NA,NA
NA,NA,NA,NA,NA
NA,NA,NA,NA,NA
NA,NA,NA,NA,NA
NA,NA,NA,NA,NA
NA,NA,NA,NA,NA
NA,NA,NA,NA,NA
NA,NA,NA,NA,NA
NA,NA,NA,NA,NA
NA,NA,NA,NA,NA
NA,NA,NA,NA,NA
NA,NA,NA,NA,NA
NA,NA,NA,NA,NA
NA,NA,NA,NA,NA
NA,NA,NA,NA,NA
NA,NA,NA,NA,NA
NA,NA,NA,NA,NA
NA,NA,NA,NA,NA
NA,NA,NA,NA,NA
NA,NA,NA,NA,NA
NA,NA,NA,NA,NA
NA,NA,NA,NA,NA
NA,NA,NA,NA,NA
NA,NA,NA,NA,NA
NA,NA,NA,NA,NA
NA,NA,NA,NA,NA
NA,NA,NA,NA,NA
NA,NA,NA,NA,NA
NA,NA,NA,NA,NA
NA,NA,NA,NA,NA
NA,NA,NA,NA,NA
NA,NA,NA,NA,NA
NA,NA,NA,NA,NA
NA,NA,NA,NA,NA
NA,NA,NA,NA,NA
NA,NA,NA,NA,NA
NA,NA,NA,NA,NA
NA,NA,NA,NA,NA
NA,NA,NA,NA,NA
NA,NA,NA,NA,NA
NA,NA,NA,NA,NA
NA,NA,NA,NA,NA
NA,NA,NA,NA,NA
NA,NA,NA,NA,NA
NA,NA,NA,NA,NA
NA,NA,NA,NA,NA
NA,NA,NA,NA,NA
NA,NA,NA,NA,NA
NA,NA,NA,NA,NA
NA,NA,NA,NA,NA
NA,NA,NA,NA,NA
NA,NA,NA,NA,NA
NA,NA,NA,NA,NA
NA,NA,NA,NA,NA
NA,NA,NA,NA,NA
NA,NA,NA,NA,NA
NA,NA,NA,NA,NA
NA,NA,NA,NA,NA
NA,NA,NA,NA,NA
NA,NA,NA,NA,NA
NA,NA,NA,NA,NA
NA,NA,NA,NA,NA
NA,NA,NA,NA,NA
NA,NA,NA,NA,NA
NA,NA,NA,NA,NA
NA,NA,NA,NA,NA
NA,NA,NA,NA,NA
NA,NA,NA,NA,NA
NA,NA,NA,NA,NA
NA,NA,NA,NA,NA
NA,NA,NA,NA,NA
NA,NA,NA,NA,NA
NA,NA,NA,NA,NA
NA,NA,NA,NA,NA
NA,NA,NA,NA,NA
NA,NA,NA,NA,NA
NA,NA,NA,NA,NA
NA,NA,NA,NA,NA
NA,NA,NA,NA,NA
NA,NA,NA,NA,NA
NA,NA,NA,NA,NA
NA,NA,NA,NA,NA
NA,NA,NA,NA,NA
NA,NA,NA,NA,NA
NA,NA,NA,NA,NA
NA,NA,NA,NA,NA
NA,NA,NA,NA,NA
NA,NA,NA,NA,NA
NA,NA,NA,NA,NA
NA,NA,NA,NA,NA
NA,NA,NA,NA,NA
NA,NA,NA,NA,NA
NA,NA,NA,NA,NA
NA,NA,NA,NA,NA
NA,NA,NA,NA,NA
NA,NA,NA,NA,NA
NA,NA,NA,NA,NA
NA,NA,NA,NA,NA
NA,NA,NA,NA,NA
NA,NA,NA,NA,NA
NA,NA,NA,NA,NA
NA,NA,NA,NA,NA
NA,NA,NA,NA,NA
NA,NA,NA,NA,NA
NA,NA,NA,NA,NA
NA,NA,NA,NA,NA
NA,NA,NA,NA,NA
NA,NA,NA,NA,NA
NA,NA,NA,NA,NA
NA,NA,NA,NA,NA
NA,NA,NA,NA,NA
NA,NA,NA,NA,NA
NA,NA,NA,NA,NA
NA,NA,NA,NA,NA
NA,NA,NA,NA,NA
NA,NA,NA,NA,NA
NA,NA,NA,NA,NA
NA,NA,NA,NA,NA
NA,NA,NA,NA,NA
NA,NA,NA,NA,NA
NA,NA,NA,NA,NA
NA,NA,NA,NA,NA
NA,NA,NA,NA,NA
NA,NA,NA,NA,NA
NA,NA,NA,NA,NA
NA,NA,NA,NA,NA
NA,NA,NA,NA,NA
NA,NA,NA,NA,NA
NA,NA,NA,NA,NA
NA,NA,NA,NA,NA
NA,NA,NA,NA,NA
NA,NA,NA,NA,NA
NA,NA,NA,NA,NA
NA,NA,NA,NA,NA
NA,NA,NA,NA,NA
NA,NA,NA,NA,NA
NA,NA,NA,NA,NA
NA,NA,NA,NA,NA
NA,NA,NA,NA,NA
NA,NA,NA,NA,NA
NA,NA,NA,NA,NA
NA,NA,NA,NA,NA
NA,NA,NA,NA,NA
NA,NA,NA,NA,NA
NA,NA,NA,NA,NA
NA,NA,NA,NA,NA
NA,NA,NA,NA,NA
NA,NA,NA,NA,NA
NA,NA,NA,NA,NA
NA,NA,NA,NA,NA
NA,NA,NA,NA,NA
NA,NA,NA,NA,NA
NA,NA,NA,NA,NA
NA,NA,NA,NA,NA
NA,NA,NA,NA,NA
NA,NA,NA,NA,NA
NA,NA,NA,NA,NA
NA,NA,NA,NA,NA
NA,NA,NA,NA,NA
NA,NA,NA,NA,NA
NA,NA,NA,NA,NA
NA,NA,NA,NA,NA
NA,NA,NA,NA,NA
NA,NA,NA,NA,NA
NA,NA,NA,NA,NA
NA,NA,NA,NA,NA
NA,NA,NA,NA,NA
NA,NA,NA,NA,NA
NA,NA,NA,NA,NA
NA,NA,NA,NA,NA
NA,NA,NA,NA,NA
NA,NA,NA,NA,NA
NA,NA,NA,NA,NA
NA,NA,NA,NA,NA
NA,NA,NA,NA,NA
NA,NA,NA,NA,NA
NA,NA,NA,NA,NA
NA,NA,NA,NA,NA
NA,NA,NA,NA,NA
NA,NA,NA,NA,NA
NA,NA,NA,NA,NA
NA,NA,NA,NA,NA
NA,NA,NA,NA,NA
NA,NA,NA,NA,NA
NA,NA,NA,NA,NA
NA,NA,NA,NA,NA
NA,NA,NA,NA,NA
NA,NA,NA,NA,NA
NA,NA,NA,NA,NA
NA,NA,NA,NA,NA
NA,NA,NA,NA,NA
NA,NA,NA,NA,NA
NA,NA,NA,NA,NA
NA,NA,NA,NA,NA
NA,NA,NA,NA,NA
NA,NA,NA,NA,NA
NA,NA,NA,NA,NA
NA,NA,NA,NA,NA
NA,NA,NA,NA,NA
NA,NA,NA,NA,NA
NA,NA,NA,NA,NA
NA,NA,NA,NA,NA
NA,NA,NA,NA,NA
NA,NA,NA,NA,NA
NA,NA,NA,NA,NA
NA,NA,NA,NA,NA
NA,NA,NA,NA,NA
NA,NA,NA,NA,NA
NA,NA,NA,NA,NA
NA,NA,NA,NA,NA
NA,NA,NA,NA,NA
NA,NA,NA,NA,NA
NA,NA,NA,NA,NA
NA,NA,NA,NA,NA
NA,NA,NA,NA,NA
NA,NA,NA,NA,NA
NA,NA,NA,NA,NA
NA,NA,NA,NA,NA
NA,NA,NA,NA,NA
NA,NA,NA,NA,NA
NA,NA,NA,NA,NA
NA,NA,NA,NA,NA
NA,NA,NA,NA,NA
NA,NA,NA,NA,NA
NA,NA,NA,NA,NA
NA,NA,NA,NA,NA
NA,NA,NA,NA,NA
NA,NA,NA,NA,NA
NA,NA,NA,NA,NA
NA,NA,NA,NA,NA
NA,NA,NA,NA,NA
NA,NA,NA,NA,NA
NA,NA,NA,NA,NA
NA,NA,NA,NA,NA
NA,NA,NA,NA,NA
NA,NA,NA,NA,NA
NA,NA,NA,NA,NA
NA,NA,NA,NA,NA
NA,NA,NA,NA,NA
NA,NA,NA,NA,NA
NA,NA,NA,NA,NA
NA,NA,NA,NA,NA
NA,NA,NA,NA,NA
NA,NA,NA,NA,NA
NA,NA,NA,NA,NA
NA,NA,NA,NA,NA
NA,NA,NA,NA,NA
NA,NA,NA,NA,NA
NA,NA,NA,NA,NA
NA,NA,NA,NA,NA
NA,NA,NA,NA,NA
NA,NA,NA,NA,NA
NA,NA,NA,NA,NA
NA,NA,NA,NA,NA
NA,NA,NA,NA,NA
NA,NA,NA,NA,NA
NA,NA,NA,NA,NA
NA,NA,NA,NA,NA
NA,NA,NA,NA,NA
NA,NA,NA,NA,NA
NA,NA,NA,NA,NA
NA,NA,NA,NA,NA
NA,NA,NA,NA,NA
NA,NA,NA,NA,NA
NA,NA,NA,NA,NA
NA,NA,NA,NA,NA
NA,NA,NA,NA,NA
NA,NA,NA,NA,NA
NA,NA,NA,NA,NA
NA,NA,NA,NA,NA
NA,NA,NA,NA,NA
NA,NA,NA,NA,NA
NA,NA,NA,NA,NA
NA,NA,NA,NA,NA
NA,NA,NA,NA,NA
NA,NA,NA,NA,NA
NA,NA,NA,NA,NA
NA,NA,NA,NA,NA
NA,NA,NA,NA,NA
NA,NA,NA,NA,NA
NA,NA,NA,NA,NA
NA,NA,NA,NA,NA
NA,NA,NA,NA,NA
NA,NA,NA,NA,NA
NA,NA,NA,NA,NA
NA,NA,NA,NA,NA
NA,NA,NA,NA,NA
NA,NA,NA,NA,NA
NA,NA,NA,NA,NA
NA,NA,NA,NA,NA
NA,NA,NA,NA,NA
NA,NA,NA,NA,NA
NA,NA,NA,NA,NA
NA,NA,NA,NA,NA
NA,NA,NA,NA,NA
NA,NA,NA,NA,NA
NA,NA,NA,NA,NA
NA,NA,NA,NA,NA
NA,NA,NA,NA,NA
NA,NA,NA,NA,NA
NA,NA,NA,NA,NA
NA,NA,NA,NA,NA
NA,NA,NA,NA,NA
NA,NA,NA,NA,NA
NA,NA,NA,NA,NA
NA,NA,NA,NA,NA
NA,NA,NA,NA,NA
NA,NA,NA,NA,NA
NA,NA,NA,NA,NA
NA,NA,NA,NA,NA
NA,NA,NA,NA,NA
NA,NA,NA,NA,NA
NA,NA,NA,NA,NA
NA,NA,NA,NA,NA
NA,NA,NA,NA,NA
NA,NA,NA,NA,NA
NA,NA,NA,NA,NA
NA,NA,NA,NA,NA
NA,NA,NA,NA,NA
NA,NA,NA,NA,NA
NA,NA,NA,NA,NA
NA,NA,NA,NA,NA
NA,NA,NA,NA,NA
NA,NA,NA,NA,NA
NA,NA,NA,NA,NA
NA,NA,NA,NA,NA
NA,NA,NA,NA,NA
NA,NA,NA,NA,NA
NA,NA,NA,NA,NA
NA,NA,NA,NA,NA
NA,NA,NA,NA,NA
NA,NA,NA,NA,NA
NA,NA,NA,NA,NA
NA,NA,NA,NA,NA
NA,NA,NA,NA,NA
NA,NA,NA,NA,NA
NA,NA,NA,NA,NA
NA,NA,NA,NA,NA
NA,NA,NA,NA,NA
NA,NA,NA,NA,NA
NA,NA,NA,NA,NA
NA,NA,NA,NA,NA
NA,NA,NA,NA,NA
NA,NA,NA,NA,NA
NA,NA,NA,NA,NA
NA,NA,NA,NA,NA
NA,NA,NA,NA,NA
NA,NA,NA,NA,NA
NA,NA,NA,NA,NA
NA,NA,NA,NA,NA
NA,NA,NA,NA,NA
NA,NA,NA,NA,NA
NA,NA,NA,NA,NA
NA,NA,NA,NA,NA
NA,NA,NA,NA,NA
NA,NA,NA,NA,NA
NA,NA,NA,NA,NA
NA,NA,NA,NA,NA
NA,NA,NA,NA,NA
NA,NA,NA,NA,NA
NA,NA,NA,NA,NA
NA,NA,NA,NA,NA
NA,NA,NA,NA,NA
NA,NA,NA,NA,NA
NA,NA,NA,NA,NA
NA,NA,NA,NA,NA
NA,NA,NA,NA,NA
NA,NA,NA,NA,NA
NA,NA,NA,NA,NA
NA,NA,NA,NA,NA
NA,NA,NA,NA,NA
NA,NA,NA,NA,NA
NA,NA,NA,NA,NA
NA,NA,NA,NA,NA
NA,NA,NA,NA,NA
NA,NA,NA,NA,NA
NA,NA,NA,NA,NA
NA,NA,NA,NA,NA
NA,NA,NA,NA,NA
NA,NA,NA,NA,NA
NA,NA,NA,NA,NA
NA,NA,NA,NA,NA
NA,NA,NA,NA,NA
NA,NA,NA,NA,NA
NA,NA,NA,NA,NA
NA,NA,NA,NA,NA
NA,NA,NA,NA,NA
NA,NA,NA,NA,NA
NA,NA,NA,NA,NA
NA,NA,NA,NA,NA
NA,NA,NA,NA,NA
NA,NA,NA,NA,NA
NA,NA,NA,NA,NA
NA,NA,NA,NA,NA
NA,NA,NA,NA,NA
NA,NA,NA,NA,NA
NA,NA,NA,NA,NA
NA,NA,NA,NA,NA
NA,NA,NA,NA,NA
NA,NA,NA,NA,NA
NA,NA,NA,NA,NA
NA,NA,NA,NA,NA
NA,NA,NA,NA,NA
NA,NA,NA,NA,NA
NA,NA,NA,NA,NA
NA,NA,NA,NA,NA
NA,NA,NA,NA,NA
NA,NA,NA,NA,NA
NA,NA,NA,NA,NA
NA,NA,NA,NA,NA
NA,NA,NA,NA,NA
NA,NA,NA,NA,NA
NA,NA,NA,NA,NA
NA,NA,NA,NA,NA
NA,NA,NA,NA,NA
NA,NA,NA,NA,NA
NA,NA,NA,NA,NA
NA,NA,NA,NA,NA
NA,NA,NA,NA,NA
NA,NA,NA,NA,NA
NA,NA,NA,NA,NA
NA,NA,NA,NA,NA
NA,NA,NA,NA,NA
NA,NA,NA,NA,NA
NA,NA,NA,NA,NA
NA,NA,NA,NA,NA
NA,NA,NA,NA,NA
NA,NA,NA,NA,NA
NA,NA,NA,NA,NA
NA,NA,NA,NA,NA
NA,NA,NA,NA,NA
NA,NA,NA,NA,NA
NA,NA,NA,NA,NA
NA,NA,NA,NA,NA
NA,NA,NA,NA,NA
NA,NA,NA,NA,NA
NA,NA,NA,NA,NA
NA,NA,NA,NA,NA
NA,NA,NA,NA,NA
NA,NA,NA,NA,NA
NA,NA,NA,NA,NA
NA,NA,NA,NA,NA
NA,NA,NA,NA,NA
NA,NA,NA,NA,NA
NA,NA,NA,NA,NA
NA,NA,NA,NA,NA
NA,NA,NA,NA,NA
NA,NA,NA,NA,NA
NA,NA,NA,NA,NA
NA,NA,NA,NA,NA
NA,NA,NA,NA,NA
NA,NA,NA,NA,NA
NA,NA,NA,NA,NA
NA,NA,NA,NA,NA
NA,NA,NA,NA,NA
NA,NA,NA,NA,NA
NA,NA,NA,NA,NA
NA,NA,NA,NA,NA
NA,NA,NA,NA,NA
NA,NA,NA,NA,NA
NA,NA,NA,NA,NA
NA,NA,NA,NA,NA
NA,NA,NA,NA,NA
NA,NA,NA,NA,NA
NA,NA,NA,NA,NA
NA,NA,NA,NA,NA
NA,NA,NA,NA,NA
NA,NA,NA,NA,NA
NA,NA,NA,NA,NA
NA,NA,NA,NA,NA
NA,NA,NA,NA,NA
NA,NA,NA,NA,NA
NA,NA,NA,NA,NA
NA,NA,NA,NA,NA
NA,NA,NA,NA,NA
NA,NA,NA,NA,NA
NA,NA,NA,NA,NA
NA,NA,NA,NA,NA
NA,NA,NA,NA,NA
NA,NA,NA,NA,NA
NA,NA,NA,NA,NA
NA,NA,NA,NA,NA
NA,NA,NA,NA,NA
NA,NA,NA,NA,NA
NA,NA,NA,NA,NA
NA,NA,NA,NA,NA
NA,NA,NA,NA,NA
NA,NA,NA,NA,NA
NA,NA,NA,NA,NA
NA,NA,NA,NA,NA
NA,NA,NA,NA,NA
NA,NA,NA,NA,NA
NA,NA,NA,NA,NA
NA,NA,NA,NA,NA
NA,NA,NA,NA,NA
NA,NA,NA,NA,NA
NA,NA,NA,NA,NA
NA,NA,NA,NA,NA
NA,NA,NA,NA,NA
NA,NA,NA,NA,NA
NA,NA,NA,NA,NA
NA,NA,NA,NA,NA
NA,NA,NA,NA,NA
NA,NA,NA,NA,NA
NA,NA,NA,NA,NA
NA,NA,NA,NA,NA
NA,NA,NA,NA,NA
NA,NA,NA,NA,NA
NA,NA,NA,NA,NA
NA,NA,NA,NA,NA
NA,NA,NA,NA,NA
NA,NA,NA,NA,NA
NA,NA,NA,NA,NA
NA,NA,NA,NA,NA
NA,NA,NA,NA,NA
NA,NA,NA,NA,NA
NA,NA,NA,NA,NA
NA,NA,NA,NA,NA
NA,NA,NA,NA,NA
NA,NA,NA,NA,NA
NA,NA,NA,NA,NA
NA,NA,NA,NA,NA
NA,NA,NA,NA,NA
NA,NA,NA,NA,NA
NA,NA,NA,NA,NA
NA,NA,NA,NA,NA
NA,NA,NA,NA,NA
NA,NA,NA,NA,NA
NA,NA,NA,NA,NA
NA,NA,NA,NA,NA
NA,NA,NA,NA,NA
NA,NA,NA,NA,NA
NA,NA,NA,NA,NA
NA,NA,NA,NA,NA
NA,NA,NA,NA,NA
NA,NA,NA,NA,NA
NA,NA,NA,NA,NA
NA,NA,NA,NA,NA
NA,NA,NA,NA,NA
NA,NA,NA,NA,NA
NA,NA,NA,NA,NA
NA,NA,NA,NA,NA
NA,NA,NA,NA,NA
NA,NA,NA,NA,NA
NA,NA,NA,NA,NA
NA,NA,NA,NA,NA
NA,NA,NA,NA,NA
NA,NA,NA,NA,NA
NA,NA,NA,NA,NA
NA,NA,NA,NA,NA
NA,NA,NA,NA,NA
NA,NA,NA,NA,NA
NA,NA,NA,NA,NA
NA,NA,NA,NA,NA
NA,NA,NA,NA,NA
NA,NA,NA,NA,NA
NA,NA,NA,NA,NA
NA,NA,NA,NA,NA
NA,NA,NA,NA,NA
NA,NA,NA,NA,NA
NA,NA,NA,NA,NA
NA,NA,NA,NA,NA
NA,NA,NA,NA,NA
NA,NA,NA,NA,NA
NA,NA,NA,NA,NA
NA,NA,NA,NA,NA
NA,NA,NA,NA,NA
NA,NA,NA,NA,NA
NA,NA,NA,NA,NA
NA,NA,NA,NA,NA
NA,NA,NA,NA,NA
NA,NA,NA,NA,NA
NA,NA,NA,NA,NA
NA,NA,NA,NA,NA
NA,NA,NA,NA,NA
NA,NA,NA,NA,NA
NA,NA,NA,NA,NA
NA,NA,NA,NA,NA
NA,NA,NA,NA,NA
NA,NA,NA,NA,NA
NA,NA,NA,NA,NA
NA,NA,NA,NA,NA
NA,NA,NA,NA,NA
NA,NA,NA,NA,NA
NA,NA,NA,NA,NA
NA,NA,NA,NA,NA
NA,NA,NA,NA,NA
NA,NA,NA,NA,NA
NA,NA,NA,NA,NA
NA,NA,NA,NA,NA
NA,NA,NA,NA,NA
NA,NA,NA,NA,NA
NA,NA,NA,NA,NA
NA,NA,NA,NA,NA
NA,NA,NA,NA,NA
NA,NA,NA,NA,NA
NA,NA,NA,NA,NA
NA,NA,NA,NA,NA
NA,NA,NA,NA,NA
NA,NA,NA,NA,NA
NA,NA,NA,NA,NA
NA,NA,NA,NA,NA
NA,NA,NA,NA,NA
NA,NA,NA,NA,NA
NA,NA,NA,NA,NA
NA,NA,NA,NA,NA
NA,NA,NA,NA,NA
NA,NA,NA,NA,NA
NA,NA,NA,NA,NA
NA,NA,NA,NA,NA
NA,NA,NA,NA,NA
NA,NA,NA,NA,NA
NA,NA,NA,NA,NA
NA,NA,NA,NA,NA
NA,NA,NA,NA,NA
NA,NA,NA,NA,NA
NA,NA,NA,NA,NA
NA,NA,NA,NA,NA
NA,NA,NA,NA,NA
NA,NA,NA,NA,NA
NA,NA,NA,NA,NA
NA,NA,NA,NA,NA
NA,NA,NA,NA,NA
NA,NA,NA,NA,NA
NA,NA,NA,NA,NA
NA,NA,NA,NA,NA
NA,NA,NA,NA,NA
NA,NA,NA,NA,NA
NA,NA,NA,NA,NA
NA,NA,NA,NA,NA
NA,NA,NA,NA,NA
NA,NA,NA,NA,NA
NA,NA,NA,NA,NA
NA,NA,NA,NA,NA
NA,NA,NA,NA,NA
NA,NA,NA,NA,NA
NA,NA,NA,NA,NA
NA,NA,NA,NA,NA
NA,NA,NA,NA,NA
NA,NA,NA,NA,NA
NA,NA,NA,NA,NA
NA,NA,NA,NA,NA
NA,NA,NA,NA,NA
NA,NA,NA,NA,NA
NA,NA,NA,NA,NA
NA,NA,NA,NA,NA
NA,NA,NA,NA,NA
NA,NA,NA,NA,NA
NA,NA,NA,NA,NA
NA,NA,NA,NA,NA
NA,NA,NA,NA,NA
NA,NA,NA,NA,NA
NA,NA,NA,NA,NA
NA,NA,NA,NA,NA
NA,NA,NA,NA,NA
NA,NA,NA,NA,NA
NA,NA,NA,NA,NA
NA,NA,NA,NA,NA
NA,NA,NA,NA,NA
NA,NA,NA,NA,NA
NA,NA,NA,NA,NA
NA,NA,NA,NA,NA
NA,NA,NA,NA,NA
NA,NA,NA,NA,NA
NA,NA,NA,NA,NA
NA,NA,NA,NA,NA
NA,NA,NA,NA,NA
NA,NA,NA,NA,NA
NA,NA,NA,NA,NA
NA,NA,NA,NA,NA
NA,NA,NA,NA,NA
NA,NA,NA,NA,NA
NA,NA,NA,NA,NA
NA,NA,NA,NA,NA
NA,NA,NA,NA,NA
NA,NA,NA,NA,NA
NA,NA,NA,NA,NA
NA,NA,NA,NA,NA
NA,NA,NA,NA,NA
NA,NA,NA,NA,NA
NA,NA,NA,NA,NA
NA,NA,NA,NA,NA
NA,NA,NA,NA,NA
NA,NA,NA,NA,NA
NA,NA,NA,NA,NA
NA,NA,NA,NA,NA
NA,NA,NA,NA,NA
NA,NA,NA,NA,NA
NA,NA,NA,NA,NA
NA,NA,NA,NA,NA
NA,NA,NA,NA,NA
NA,NA,NA,NA,NA
NA,NA,NA,NA,NA
NA,NA,NA,NA,NA
NA,NA,NA,NA,NA
NA,NA,NA,NA,NA
NA,NA,NA,NA,NA
NA,NA,NA,NA,NA
NA,NA,NA,NA,NA
NA,NA,NA,NA,NA
NA,NA,NA,NA,NA
NA,NA,NA,NA,NA
NA,NA,NA,NA,NA
NA,NA,NA,NA,NA
NA,NA,NA,NA,NA
NA,NA,NA,NA,NA
NA,NA,NA,NA,NA
NA,NA,NA,NA,NA
NA,NA,NA,NA,NA
NA,NA,NA,NA,NA
NA,NA,NA,NA,NA
NA,NA,NA,NA,NA
NA,NA,NA,NA,NA
NA,NA,NA,NA,NA
NA,NA,NA,NA,NA
NA,NA,NA,NA,NA
NA,NA,NA,NA,NA
NA,NA,NA,NA,NA
NA,NA,NA,NA,NA
NA,NA,NA,NA,NA
NA,NA,NA,NA,NA
NA,NA,NA,NA,NA
NA,NA,NA,NA,NA
NA,NA,NA,NA,NA
NA,NA,NA,NA,NA
NA,NA,NA,NA,NA
NA,NA,NA,NA,NA
NA,NA,NA,NA,NA
NA,NA,NA,NA,NA
NA,NA,NA,NA,NA
NA,NA,NA,NA,NA
NA,NA,NA,NA,NA
NA,NA,NA,NA,NA
NA,NA,NA,NA,NA
NA,NA,NA,NA,NA
NA,NA,NA,NA,NA
NA,NA,NA,NA,NA
NA,NA,NA,NA,NA
NA,NA,NA,NA,NA
NA,NA,NA,NA,NA
NA,NA,NA,NA,NA
NA,NA,NA,NA,NA
NA,NA,NA,NA,NA
NA,NA,NA,NA,NA
NA,NA,NA,NA,NA
NA,NA,NA,NA,NA
NA,NA,NA,NA,NA
NA,NA,NA,NA,NA
NA,NA,NA,NA,NA
NA,NA,NA,NA,NA
NA,NA,NA,NA,NA
NA,NA,NA,NA,NA
NA,NA,NA,NA,NA
NA,NA,NA,NA,NA
NA,NA,NA,NA,NA
NA,NA,NA,NA,NA
NA,NA,NA,NA,NA
NA,NA,NA,NA,NA
NA,NA,NA,NA,NA
NA,NA,NA,NA,NA
NA,NA,NA,NA,NA
NA,NA,NA,NA,NA
NA,NA,NA,NA,NA
NA,NA,NA,NA,NA
NA,NA,NA,NA,NA
NA,NA,NA,NA,NA
NA,NA,NA,NA,NA
NA,NA,NA,NA,NA
NA,NA,NA,NA,NA
NA,NA,NA,NA,NA
NA,NA,NA,NA,NA
NA,NA,NA,NA,NA
NA,NA,NA,NA,NA
NA,NA,NA,NA,NA
NA,NA,NA,NA,NA
NA,NA,NA,NA,NA
NA,NA,NA,NA,NA
NA,NA,NA,NA,NA
NA,NA,NA,NA,NA
NA,NA,NA,NA,NA
NA,NA,NA,NA,NA
NA,NA,NA,NA,NA
NA,NA,NA,NA,NA
NA,NA,NA,NA,NA
NA,NA,NA,NA,NA
NA,NA,NA,NA,NA
NA,NA,NA,NA,NA
NA,NA,NA,NA,NA
NA,NA,NA,NA,NA
NA,NA,NA,NA,NA
NA,NA,NA,NA,NA
NA,NA,NA,NA,NA
NA,NA,NA,NA,NA
NA,NA,NA,NA,NA
NA,NA,NA,NA,NA
NA,NA,NA,NA,NA
NA,NA,NA,NA,NA
NA,NA,NA,NA,NA
NA,NA,NA,NA,NA
NA,NA,NA,NA,NA
NA,NA,NA,NA,NA
NA,NA,NA,NA,NA
NA,NA,NA,NA,NA
NA,NA,NA,NA,NA
NA,NA,NA,NA,NA
NA,NA,NA,NA,NA
NA,NA,NA,NA,NA
NA,NA,NA,NA,NA
NA,NA,NA,NA,NA
NA,NA,NA,NA,NA
NA,NA,NA,NA,NA
NA,NA,NA,NA,NA
NA,NA,NA,NA,NA
NA,NA,NA,NA,NA
NA,NA,NA,NA,NA
NA,NA,NA,NA,NA
NA,NA,NA,NA,NA
NA,NA,NA,NA,NA
NA,NA,NA,NA,NA
NA,NA,NA,NA,NA
NA,NA,NA,NA,NA
NA,NA,NA,NA,NA
NA,NA,NA,NA,NA
NA,NA,NA,NA,NA
NA,NA,NA,NA,NA
NA,NA,NA,NA,NA
NA,NA,NA,NA,NA
NA,NA,NA,NA,NA
NA,NA,NA,NA,NA
NA,NA,NA,NA,NA
NA,NA,NA,NA,NA
NA,NA,NA,NA,NA
NA,NA,NA,NA,NA
NA,NA,NA,NA,NA
NA,NA,NA,NA,NA
NA,NA,NA,NA,NA
NA,NA,NA,NA,NA
NA,NA,NA,NA,NA
NA,NA,NA,NA,NA
NA,NA,NA,NA,NA
NA,NA,NA,NA,NA
NA,NA,NA,NA,NA
NA,NA,NA,NA,NA
NA,NA,NA,NA,NA
NA,NA,NA,NA,NA
NA,NA,NA,NA,NA
NA,NA,NA,NA,NA
NA,NA,NA,NA,NA
NA,NA,NA,NA,NA
NA,NA,NA,NA,NA
NA,NA,NA,NA,NA
NA,NA,NA,NA,NA
NA,NA,NA,NA,NA
NA,NA,NA,NA,NA
NA,NA,NA,NA,NA
NA,NA,NA,NA,NA
NA,NA,NA,NA,NA
NA,NA,NA,NA,NA
NA,NA,NA,NA,NA
NA,NA,NA,NA,NA
NA,NA,NA,NA,NA
NA,NA,NA,NA,NA
NA,NA,NA,NA,NA
NA,NA,NA,NA,NA
NA,NA,NA,NA,NA
NA,NA,NA,NA,NA
NA,NA,NA,NA,NA
NA,NA,NA,NA,NA
NA,NA,NA,NA,NA
NA,NA,NA,NA,NA
NA,NA,NA,NA,NA
NA,NA,NA,NA,NA
NA,NA,NA,NA,NA
NA,NA,NA,NA,NA
NA,NA,NA,NA,NA
NA,NA,NA,NA,NA
NA,NA,NA,NA,NA
NA,NA,NA,NA,NA
NA,NA,NA,NA,NA
NA,NA,NA,NA,NA
NA,NA,NA,NA,NA
NA,NA,NA,NA,NA
NA,NA,NA,NA,NA
NA,NA,NA,NA,NA
NA,NA,NA,NA,NA
NA,NA,NA,NA,NA
NA,NA,NA,NA,NA
NA,NA,NA,NA,NA
NA,NA,NA,NA,NA
NA,NA,NA,NA,NA
NA,NA,NA,NA,NA
NA,NA,NA,NA,NA
NA,NA,NA,NA,NA
NA,NA,NA,NA,NA
NA,NA,NA,NA,NA
NA,NA,NA,NA,NA
NA,NA,NA,NA,NA
NA,NA,NA,NA,NA
NA,NA,NA,NA,NA
NA,NA,NA,NA,NA
NA,NA,NA,NA,NA
NA,NA,NA,NA,NA
NA,NA,NA,NA,NA
NA,NA,NA,NA,NA
NA,NA,NA,NA,NA
NA,NA,NA,NA,NA
NA,NA,NA,NA,NA
NA,NA,NA,NA,NA
NA,NA,NA,NA,NA
NA,NA,NA,NA,NA
NA,NA,NA,NA,NA
NA,NA,NA,NA,NA
NA,NA,NA,NA,NA
NA,NA,NA,NA,NA
NA,NA,NA,NA,NA
NA,NA,NA,NA,NA
NA,NA,NA,NA,NA
NA,NA,NA,NA,NA
NA,NA,NA,NA,NA
NA,NA,NA,NA,NA
NA,NA,NA,NA,NA
NA,NA,NA,NA,NA
NA,NA,NA,NA,NA
NA,NA,NA,NA,NA
NA,NA,NA,NA,NA
NA,NA,NA,NA,NA
NA,NA,NA,NA,NA
NA,NA,NA,NA,NA
NA,NA,NA,NA,NA
NA,NA,NA,NA,NA
NA,NA,NA,NA,NA
NA,NA,NA,NA,NA
NA,NA,NA,NA,NA
NA,NA,NA,NA,NA
NA,NA,NA,NA,NA
NA,NA,NA,NA,NA
NA,NA,NA,NA,NA
NA,NA,NA,NA,NA
NA,NA,NA,NA,NA
NA,NA,NA,NA,NA
NA,NA,NA,NA,NA
NA,NA,NA,NA,NA
NA,NA,NA,NA,NA
NA,NA,NA,NA,NA
NA,NA,NA,NA,NA
NA,NA,NA,NA,NA
NA,NA,NA,NA,NA
NA,NA,NA,NA,NA
NA,NA,NA,NA,NA
NA,NA,NA,NA,NA
NA,NA,NA,NA,NA
NA,NA,NA,NA,NA
NA,NA,NA,NA,NA
NA,NA,NA,NA,NA
NA,NA,NA,NA,NA
NA,NA,NA,NA,NA
NA,NA,NA,NA,NA
NA,NA,NA,NA,NA
NA,NA,NA,NA,NA
NA,NA,NA,NA,NA
NA,NA,NA,NA,NA
NA,NA,NA,NA,NA
NA,NA,NA,NA,NA
NA,NA,NA,NA,NA
NA,NA,NA,NA,NA
NA,NA,NA,NA,NA
NA,NA,NA,NA,NA
NA,NA,NA,NA,NA
NA,NA,NA,NA,NA
NA,NA,NA,NA,NA
NA,NA,NA,NA,NA
NA,NA,NA,NA,NA
NA,NA,NA,NA,NA
NA,NA,NA,NA,NA
NA,NA,NA,NA,NA
NA,NA,NA,NA,NA
NA,NA,NA,NA,NA
NA,NA,NA,NA,NA
NA,NA,NA,NA,NA
NA,NA,NA,NA,NA
NA,NA,NA,NA,NA
NA,NA,NA,NA,NA
NA,NA,NA,NA,NA
NA,NA,NA,NA,NA
NA,NA,NA,NA,NA
NA,NA,NA,NA,NA
NA,NA,NA,NA,NA
NA,NA,NA,NA,NA
NA,NA,NA,NA,NA
NA,NA,NA,NA,NA
NA,NA,NA,NA,NA
NA,NA,NA,NA,NA
NA,NA,NA,NA,NA
NA,NA,NA,NA,NA
NA,NA,NA,NA,NA
NA,NA,NA,NA,NA
NA,NA,NA,NA,NA
NA,NA,NA,NA,NA
NA,NA,NA,NA,NA
NA,NA,NA,NA,NA
NA,NA,NA,NA,NA
NA,NA,NA,NA,NA
NA,NA,NA,NA,NA
NA,NA,NA,NA,NA
NA,NA,NA,NA,NA
NA,NA,NA,NA,NA
NA,NA,NA,NA,NA
NA,NA,NA,NA,NA
NA,NA,NA,NA,NA
NA,NA,NA,NA,NA
NA,NA,NA,NA,NA
NA,NA,NA,NA,NA
NA,NA,NA,NA,NA
NA,NA,NA,NA,NA
NA,NA,NA,NA,NA
NA,NA,NA,NA,NA
NA,NA,NA,NA,NA
NA,NA,NA,NA,NA
NA,NA,NA,NA,NA
NA,NA,NA,NA,NA
NA,NA,NA,NA,NA
NA,NA,NA,NA,NA
NA,NA,NA,NA,NA
NA,NA,NA,NA,NA
NA,NA,NA,NA,NA
NA,NA,NA,NA,NA
NA,NA,NA,NA,NA
NA,NA,NA,NA,NA
NA,NA,NA,NA,NA
NA,NA,NA,NA,NA
NA,NA,NA,NA,NA
NA,NA,NA,NA,NA
NA,NA,NA,NA,NA
NA,NA,NA,NA,NA
NA,NA,NA,NA,NA
NA,NA,NA,NA,NA
NA,NA,NA,NA,NA
NA,NA,NA,NA,NA
NA,NA,NA,NA,NA
NA,NA,NA,NA,NA
NA,NA,NA,NA,NA
NA,NA,NA,NA,NA
NA,NA,NA,NA,NA
NA,NA,NA,NA,NA
NA,NA,NA,NA,NA
NA,NA,NA,NA,NA
NA,NA,NA,NA,NA
NA,NA,NA,NA,NA
NA,NA,NA,NA,NA
NA,NA,NA,NA,NA
NA,NA,NA,NA,NA
NA,NA,NA,NA,NA
NA,NA,NA,NA,NA
NA,NA,NA,NA,NA
NA,NA,NA,NA,NA
NA,NA,NA,NA,NA
NA,NA,NA,NA,NA
NA,NA,NA,NA,NA
NA,NA,NA,NA,NA
NA,NA,NA,NA,NA
NA,NA,NA,NA,NA
NA,NA,NA,NA,NA
NA,NA,NA,NA,NA
NA,NA,NA,NA,NA
NA,NA,NA,NA,NA
NA,NA,NA,NA,NA
NA,NA,NA,NA,NA
NA,NA,NA,NA,NA
NA,NA,NA,NA,NA
NA,NA,NA,NA,NA
NA,NA,NA,NA,NA
NA,NA,NA,NA,NA
NA,NA,NA,NA,NA
NA,NA,NA,NA,NA
NA,NA,NA,NA,NA
NA,NA,NA,NA,NA
NA,NA,NA,NA,NA
NA,NA,NA,NA,NA
NA,NA,NA,NA,NA
NA,NA,NA,NA,NA
NA,NA,NA,NA,NA
NA,NA,NA,NA,NA
NA,NA,NA,NA,NA
NA,NA,NA,NA,NA
NA,NA,NA,NA,NA
NA,NA,NA,NA,NA
NA,NA,NA,NA,NA
NA,NA,NA,NA,NA
NA,NA,NA,NA,NA
NA,NA,NA,NA,NA
NA,NA,NA,NA,NA
NA,NA,NA,NA,NA
NA,NA,NA,NA,NA
NA,NA,NA,NA,NA
NA,NA,NA,NA,NA
NA,NA,NA,NA,NA
NA,NA,NA,NA,NA
NA,NA,NA,NA,NA
NA,NA,NA,NA,NA
NA,NA,NA,NA,NA
NA,NA,NA,NA,NA
NA,NA,NA,NA,NA
NA,NA,NA,NA,NA
NA,NA,NA,NA,NA
NA,NA,NA,NA,NA
NA,NA,NA,NA,NA
NA,NA,NA,NA,NA
NA,NA,NA,NA,NA
NA,NA,NA,NA,NA
NA,NA,NA,NA,NA
NA,NA,NA,NA,NA
NA,NA,NA,NA,NA
NA,NA,NA,NA,NA
NA,NA,NA,NA,NA
NA,NA,NA,NA,NA
NA,NA,NA,NA,NA
NA,NA,NA,NA,NA
NA,NA,NA,NA,NA
NA,NA,NA,NA,NA
NA,NA,NA,NA,NA
NA,NA,NA,NA,NA
NA,NA,NA,NA,NA
NA,NA,NA,NA,NA
NA,NA,NA,NA,NA
NA,NA,NA,NA,NA
NA,NA,NA,NA,NA
NA,NA,NA,NA,NA
NA,NA,NA,NA,NA
NA,NA,NA,NA,NA
NA,NA,NA,NA,NA
NA,NA,NA,NA,NA
NA,NA,NA,NA,NA
NA,NA,NA,NA,NA
NA,NA,NA,NA,NA
NA,NA,NA,NA,NA
NA,NA,NA,NA,NA
NA,NA,NA,NA,NA
NA,NA,NA,NA,NA
NA,NA,NA,NA,NA
NA,NA,NA,NA,NA
NA,NA,NA,NA,NA
NA,NA,NA,NA,NA
NA,NA,NA,NA,NA
NA,NA,NA,NA,NA
NA,NA,NA,NA,NA
NA,NA,NA,NA,NA
NA,NA,NA,NA,NA
NA,NA,NA,NA,NA
NA,NA,NA,NA,NA
NA,NA,NA,NA,NA
NA,NA,NA,NA,NA
NA,NA,NA,NA,NA
NA,NA,NA,NA,NA
NA,NA,NA,NA,NA
NA,NA,NA,NA,NA
NA,NA,NA,NA,NA
NA,NA,NA,NA,NA
NA,NA,NA,NA,NA
NA,NA,NA,NA,NA
NA,NA,NA,NA,NA
NA,NA,NA,NA,NA
NA,NA,NA,NA,NA
NA,NA,NA,NA,NA
NA,NA,NA,NA,NA
NA,NA,NA,NA,NA
NA,NA,NA,NA,NA
NA,NA,NA,NA,NA
NA,NA,NA,NA,NA
NA,NA,NA,NA,NA
NA,NA,NA,NA,NA
NA,NA,NA,NA,NA
NA,NA,NA,NA,NA
NA,NA,NA,NA,NA
NA,NA,NA,NA,NA
NA,NA,NA,NA,NA
NA,NA,NA,NA,NA
NA,NA,NA,NA,NA
NA,NA,NA,NA,NA
NA,NA,NA,NA,NA
NA,NA,NA,NA,NA
NA,NA,NA,NA,NA
NA,NA,NA,NA,NA
NA,NA,NA,NA,NA
NA,NA,NA,NA,NA
NA,NA,NA,NA,NA
NA,NA,NA,NA,NA
NA,NA,NA,NA,NA
NA,NA,NA,NA,NA
NA,NA,NA,NA,NA
NA,NA,NA,NA,NA
NA,NA,NA,NA,NA
NA,NA,NA,NA,NA
NA,NA,NA,NA,NA
NA,NA,NA,NA,NA
NA,NA,NA,NA,NA
NA,NA,NA,NA,NA
NA,NA,NA,NA,NA
NA,NA,NA,NA,NA
NA,NA,NA,NA,NA
NA,NA,NA,NA,NA
NA,NA,NA,NA,NA
NA,NA,NA,NA,NA
NA,NA,NA,NA,NA
NA,NA,NA,NA,NA
NA,NA,NA,NA,NA
NA,NA,NA,NA,NA
NA,NA,NA,NA,NA
NA,NA,NA,NA,NA
NA,NA,NA,NA,NA
NA,NA,NA,NA,NA
NA,NA,NA,NA,NA
NA,NA,NA,NA,NA
NA,NA,NA,NA,NA
NA,NA,NA,NA,NA
NA,NA,NA,NA,NA
NA,NA,NA,NA,NA
NA,NA,NA,NA,NA
NA,NA,NA,NA,NA
NA,NA,NA,NA,NA
NA,NA,NA,NA,NA
NA,NA,NA,NA,NA
NA,NA,NA,NA,NA
NA,NA,NA,NA,NA
NA,NA,NA,NA,NA
NA,NA,NA,NA,NA
NA,NA,NA,NA,NA
NA,NA,NA,NA,NA
NA,NA,NA,NA,NA
NA,NA,NA,NA,NA
NA,NA,NA,NA,NA
NA,NA,NA,NA,NA
NA,NA,NA,NA,NA
NA,NA,NA,NA,NA
NA,NA,NA,NA,NA
NA,NA,NA,NA,NA
NA,NA,NA,NA,NA
NA,NA,NA,NA,NA
NA,NA,NA,NA,NA
NA,NA,NA,NA,NA
NA,NA,NA,NA,NA
NA,NA,NA,NA,NA
NA,NA,NA,NA,NA
NA,NA,NA,NA,NA
NA,NA,NA,NA,NA
NA,NA,NA,NA,NA
NA,NA,NA,NA,NA
NA,NA,NA,NA,NA
NA,NA,NA,NA,NA
NA,NA,NA,NA,NA
NA,NA,NA,NA,NA
NA,NA,NA,NA,NA
NA,NA,NA,NA,NA
NA,NA,NA,NA,NA
NA,NA,NA,NA,NA
NA,NA,NA,NA,NA
NA,NA,NA,NA,NA
NA,NA,NA,NA,NA
NA,NA,NA,NA,NA
NA,NA,NA,NA,NA
NA,NA,NA,NA,NA
NA,NA,NA,NA,NA
NA,NA,NA,NA,NA
NA,NA,NA,NA,NA
NA,NA,NA,NA,NA
NA,NA,NA,NA,NA
NA,NA,NA,NA,NA
NA,NA,NA,NA,NA
NA,NA,NA,NA,NA
NA,NA,NA,NA,NA
NA,NA,NA,NA,NA
NA,NA,NA,NA,NA
NA,NA,NA,NA,NA
NA,NA,NA,NA,NA
NA,NA,NA,NA,NA
NA,NA,NA,NA,NA
NA,NA,NA,NA,NA
NA,NA,NA,NA,NA
NA,NA,NA,NA,NA
NA,NA,NA,NA,NA
NA,NA,NA,NA,NA
NA,NA,NA,NA,NA
NA,NA,NA,NA,NA
NA,NA,NA,NA,NA
NA,NA,NA,NA,NA
NA,NA,NA,NA,NA
NA,NA,NA,NA,NA
NA,NA,NA,NA,NA
NA,NA,NA,NA,NA
NA,NA,NA,NA,NA
NA,NA,NA,NA,NA
NA,NA,NA,NA,NA
NA,NA,NA,NA,NA
NA,NA,NA,NA,NA
NA,NA,NA,NA,NA
NA,NA,NA,NA,NA
NA,NA,NA,NA,NA
NA,NA,NA,NA,NA
NA,NA,NA,NA,NA
NA,NA,NA,NA,NA
NA,NA,NA,NA,NA
NA,NA,NA,NA,NA
NA,NA,NA,NA,NA
NA,NA,NA,NA,NA
NA,NA,NA,NA,NA
NA,NA,NA,NA,NA
NA,NA,NA,NA,NA
NA,NA,NA,NA,NA
NA,NA,NA,NA,NA
NA,NA,NA,NA,NA
NA,NA,NA,NA,NA
NA,NA,NA,NA,NA
NA,NA,NA,NA,NA
NA,NA,NA,NA,NA
NA,NA,NA,NA,NA
NA,NA,NA,NA,NA
NA,NA,NA,NA,NA
NA,NA,NA,NA,NA
NA,NA,NA,NA,NA
NA,NA,NA,NA,NA
NA,NA,NA,NA,NA
NA,NA,NA,NA,NA
NA,NA,NA,NA,NA
NA,NA,NA,NA,NA
NA,NA,NA,NA,NA
NA,NA,NA,NA,NA
NA,NA,NA,NA,NA
NA,NA,NA,NA,NA
NA,NA,NA,NA,NA
NA,NA,NA,NA,NA
NA,NA,NA,NA,NA
NA,NA,NA,NA,NA
NA,NA,NA,NA,NA
NA,NA,NA,NA,NA
NA,NA,NA,NA,NA
NA,NA,NA,NA,NA
NA,NA,NA,NA,NA
NA,NA,NA,NA,NA
NA,NA,NA,NA,NA
NA,NA,NA,NA,NA
NA,NA,NA,NA,NA
NA,NA,NA,NA,NA
NA,NA,NA,NA,NA
NA,NA,NA,NA,NA
NA,NA,NA,NA,NA
NA,NA,NA,NA,NA
NA,NA,NA,NA,NA
NA,NA,NA,NA,NA
NA,NA,NA,NA,NA
NA,NA,NA,NA,NA
NA,NA,NA,NA,NA
NA,NA,NA,NA,NA
NA,NA,NA,NA,NA
NA,NA,NA,NA,NA
NA,NA,NA,NA,NA
NA,NA,NA,NA,NA
NA,NA,NA,NA,NA
NA,NA,NA,NA,NA
NA,NA,NA,NA,NA
NA,NA,NA,NA,NA
NA,NA,NA,NA,NA
NA,NA,NA,NA,NA
NA,NA,NA,NA,NA
NA,NA,NA,NA,NA
NA,NA,NA,NA,NA
NA,NA,NA,NA,NA
NA,NA,NA,NA,NA
NA,NA,NA,NA,NA
NA,NA,NA,NA,NA
NA,NA,NA,NA,NA
NA,NA,NA,NA,NA
NA,NA,NA,NA,NA
NA,NA,NA,NA,NA
NA,NA,NA,NA,NA
NA,NA,NA,NA,NA
NA,NA,NA,NA,NA
NA,NA,NA,NA,NA
NA,NA,NA,NA,NA
NA,NA,NA,NA,NA
NA,NA,NA,NA,NA
NA,NA,NA,NA,NA
NA,NA,NA,NA,NA
NA,NA,NA,NA,NA
NA,NA,NA,NA,NA
NA,NA,NA,NA,NA
NA,NA,NA,NA,NA
NA,NA,NA,NA,NA
NA,NA,NA,NA,NA
NA,NA,NA,NA,NA
NA,NA,NA,NA,NA
NA,NA,NA,NA,NA
NA,NA,NA,NA,NA
NA,NA,NA,NA,NA
NA,NA,NA,NA,NA
NA,NA,NA,NA,NA
NA,NA,NA,NA,NA
NA,NA,NA,NA,NA
NA,NA,NA,NA,NA
NA,NA,NA,NA,NA
NA,NA,NA,NA,NA
NA,NA,NA,NA,NA
NA,NA,NA,NA,NA
NA,NA,NA,NA,NA
NA,NA,NA,NA,NA
NA,NA,NA,NA,NA
NA,NA,NA,NA,NA
NA,NA,NA,NA,NA
NA,NA,NA,NA,NA
NA,NA,NA,NA,NA
NA,NA,NA,NA,NA
NA,NA,NA,NA,NA
NA,NA,NA,NA,NA
NA,NA,NA,NA,NA
NA,NA,NA,NA,NA
NA,NA,NA,NA,NA
NA,NA,NA,NA,NA
NA,NA,NA,NA,NA
NA,NA,NA,NA,NA
NA,NA,NA,NA,NA
NA,NA,NA,NA,NA
NA,NA,NA,NA,NA
NA,NA,NA,NA,NA
NA,NA,NA,NA,NA
NA,NA,NA,NA,NA
NA,NA,NA,NA,NA
NA,NA,NA,NA,NA
NA,NA,NA,NA,NA
NA,NA,NA,NA,NA
NA,NA,NA,NA,NA
NA,NA,NA,NA,NA
NA,NA,NA,NA,NA
NA,NA,NA,NA,NA
NA,NA,NA,NA,NA
NA,NA,NA,NA,NA
NA,NA,NA,NA,NA
NA,NA,NA,NA,NA
NA,NA,NA,NA,NA
NA,NA,NA,NA,NA
NA,NA,NA,NA,NA
NA,NA,NA,NA,NA
NA,NA,NA,NA,NA
NA,NA,NA,NA,NA
NA,NA,NA,NA,NA
NA,NA,NA,NA,NA
NA,NA,NA,NA,NA
NA,NA,NA,NA,NA
NA,NA,NA,NA,NA
NA,NA,NA,NA,NA
NA,NA,NA,NA,NA
NA,NA,NA,NA,NA
NA,NA,NA,NA,NA
NA,NA,NA,NA,NA
NA,NA,NA,NA,NA
NA,NA,NA,NA,NA
NA,NA,NA,NA,NA
NA,NA,NA,NA,NA
NA,NA,NA,NA,NA
NA,NA,NA,NA,NA
NA,NA,NA,NA,NA
NA,NA,NA,NA,NA
NA,NA,NA,NA,NA
NA,NA,NA,NA,NA
NA,NA,NA,NA,NA
NA,NA,NA,NA,NA
NA,NA,NA,NA,NA
NA,NA,NA,NA,NA
NA,NA,NA,NA,NA
NA,NA,NA,NA,NA
NA,NA,NA,NA,NA
NA,NA,NA,NA,NA
NA,NA,NA,NA,NA
NA,NA,NA,NA,NA
NA,NA,NA,NA,NA
NA,NA,NA,NA,NA
NA,NA,NA,NA,NA
NA,NA,NA,NA,NA
NA,NA,NA,NA,NA
NA,NA,NA,NA,NA
NA,NA,NA,NA,NA
NA,NA,NA,NA,NA
NA,NA,NA,NA,NA
NA,NA,NA,NA,NA
NA,NA,NA,NA,NA
NA,NA,NA,NA,NA
NA,NA,NA,NA,NA
NA,NA,NA,NA,NA
NA,NA,NA,NA,NA
NA,NA,NA,NA,NA
NA,NA,NA,NA,NA
NA,NA,NA,NA,NA
NA,NA,NA,NA,NA
NA,NA,NA,NA,NA
NA,NA,NA,NA,NA
NA,NA,NA,NA,NA
NA,NA,NA,NA,NA
NA,NA,NA,NA,NA
NA,NA,NA,NA,NA
NA,NA,NA,NA,NA
NA,NA,NA,NA,NA
NA,NA,NA,NA,NA
NA,NA,NA,NA,NA
NA,NA,NA,NA,NA
NA,NA,NA,NA,NA
NA,NA,NA,NA,NA
NA,NA,NA,NA,NA
NA,NA,NA,NA,NA
NA,NA,NA,NA,NA
NA,NA,NA,NA,NA
NA,NA,NA,NA,NA
NA,NA,NA,NA,NA
NA,NA,NA,NA,NA
NA,NA,NA,NA,NA
NA,NA,NA,NA,NA
NA,NA,NA,NA,NA
NA,NA,NA,NA,NA
NA,NA,NA,NA,NA
NA,NA,NA,NA,NA
NA,NA,NA,NA,NA
NA,NA,NA,NA,NA
NA,NA,NA,NA,NA
NA,NA,NA,NA,NA
NA,NA,NA,NA,NA
NA,NA,NA,NA,NA
NA,NA,NA,NA,NA
NA,NA,NA,NA,NA
NA,NA,NA,NA,NA
NA,NA,NA,NA,NA
NA,NA,NA,NA,NA
NA,NA,NA,NA,NA
NA,NA,NA,NA,NA
NA,NA,NA,NA,NA
NA,NA,NA,NA,NA
NA,NA,NA,NA,NA
NA,NA,NA,NA,NA
NA,NA,NA,NA,NA
NA,NA,NA,NA,NA
NA,NA,NA,NA,NA
NA,NA,NA,NA,NA
NA,NA,NA,NA,NA
NA,NA,NA,NA,NA
NA,NA,NA,NA,NA
NA,NA,NA,NA,NA
NA,NA,NA,NA,NA
NA,NA,NA,NA,NA
NA,NA,NA,NA,NA
NA,NA,NA,NA,NA
NA,NA,NA,NA,NA
NA,NA,NA,NA,NA
NA,NA,NA,NA,NA
NA,NA,NA,NA,NA
NA,NA,NA,NA,NA
NA,NA,NA,NA,NA
NA,NA,NA,NA,NA
NA,NA,NA,NA,NA
NA,NA,NA,NA,NA
NA,NA,NA,NA,NA
NA,NA,NA,NA,NA
NA,NA,NA,NA,NA
NA,NA,NA,NA,NA
NA,NA,NA,NA,NA
NA,NA,NA,NA,NA
NA,NA,NA,NA,NA
NA,NA,NA,NA,NA
NA,NA,NA,NA,NA
NA,NA,NA,NA,NA
NA,NA,NA,NA,NA
NA,NA,NA,NA,NA
NA,NA,NA,NA,NA
NA,NA,NA,NA,NA
NA,NA,NA,NA,NA
NA,NA,NA,NA,NA
NA,NA,NA,NA,NA
NA,NA,NA,NA,NA
NA,NA,NA,NA,NA
NA,NA,NA,NA,NA
NA,NA,NA,NA,NA
NA,NA,NA,NA,NA
NA,NA,NA,NA,NA
NA,NA,NA,NA,NA
NA,NA,NA,NA,NA
NA,NA,NA,NA,NA
NA,NA,NA,NA,NA
NA,NA,NA,NA,NA
NA,NA,NA,NA,NA
NA,NA,NA,NA,NA
NA,NA,NA,NA,NA
NA,NA,NA,NA,NA
NA,NA,NA,NA,NA
NA,NA,NA,NA,NA
NA,NA,NA,NA,NA
NA,NA,NA,NA,NA
NA,NA,NA,NA,NA
NA,NA,NA,NA,NA
NA,NA,NA,NA,NA
NA,NA,NA,NA,NA
NA,NA,NA,NA,NA
NA,NA,NA,NA,NA
NA,NA,NA,NA,NA
NA,NA,NA,NA,NA
NA,NA,NA,NA,NA
NA,NA,NA,NA,NA
NA,NA,NA,NA,NA
NA,NA,NA,NA,NA
NA,NA,NA,NA,NA
NA,NA,NA,NA,NA
NA,NA,NA,NA,NA
NA,NA,NA,NA,NA
NA,NA,NA,NA,NA
NA,NA,NA,NA,NA
NA,NA,NA,NA,NA
NA,NA,NA,NA,NA
NA,NA,NA,NA,NA
NA,NA,NA,NA,NA
NA,NA,NA,NA,NA
NA,NA,NA,NA,NA
NA,NA,NA,NA,NA
NA,NA,NA,NA,NA
NA,NA,NA,NA,NA
NA,NA,NA,NA,NA
NA,NA,NA,NA,NA
NA,NA,NA,NA,NA
NA,NA,NA,NA,NA
NA,NA,NA,NA,NA
NA,NA,NA,NA,NA
NA,NA,NA,NA,NA
NA,NA,NA,NA,NA
NA,NA,NA,NA,NA
NA,NA,NA,NA,NA
NA,NA,NA,NA,NA
NA,NA,NA,NA,NA
NA,NA,NA,NA,NA
NA,NA,NA,NA,NA
NA,NA,NA,NA,NA
NA,NA,NA,NA,NA
NA,NA,NA,NA,NA
NA,NA,NA,NA,NA
NA,NA,NA,NA,NA
NA,NA,NA,NA,NA
NA,NA,NA,NA,NA
NA,NA,NA,NA,NA
NA,NA,NA,NA,NA
NA,NA,NA,NA,NA
NA,NA,NA,NA,NA
NA,NA,NA,NA,NA
NA,NA,NA,NA,NA
NA,NA,NA,NA,NA
NA,NA,NA,NA,NA
NA,NA,NA,NA,NA
NA,NA,NA,NA,NA
NA,NA,NA,NA,NA
NA,NA,NA,NA,NA
NA,NA,NA,NA,NA
NA,NA,NA,NA,NA
NA,NA,NA,NA,NA
NA,NA,NA,NA,NA
NA,NA,NA,NA,NA
NA,NA,NA,NA,NA
NA,NA,NA,NA,NA
NA,NA,NA,NA,NA
NA,NA,NA,NA,NA
NA,NA,NA,NA,NA
NA,NA,NA,NA,NA
NA,NA,NA,NA,NA
NA,NA,NA,NA,NA
NA,NA,NA,NA,NA
NA,NA,NA,NA,NA
NA,NA,NA,NA,NA
NA,NA,NA,NA,NA
NA,NA,NA,NA,NA
NA,NA,NA,NA,NA
NA,NA,NA,NA,NA
NA,NA,NA,NA,NA
NA,NA,NA,NA,NA
NA,NA,NA,NA,NA
NA,NA,NA,NA,NA
NA,NA,NA,NA,NA
NA,NA,NA,NA,NA
NA,NA,NA,NA,NA
NA,NA,NA,NA,NA
NA,NA,NA,NA,NA
NA,NA,NA,NA,NA
NA,NA,NA,NA,NA
NA,NA,NA,NA,NA
NA,NA,NA,NA,NA
NA,NA,NA,NA,NA
NA,NA,NA,NA,NA
NA,NA,NA,NA,NA
NA,NA,NA,NA,NA
NA,NA,NA,NA,NA
NA,NA,NA,NA,NA
NA,NA,NA,NA,NA
NA,NA,NA,NA,NA
NA,NA,NA,NA,NA
NA,NA,NA,NA,NA
NA,NA,NA,NA,NA
NA,NA,NA,NA,NA
NA,NA,NA,NA,NA
NA,NA,NA,NA,NA
NA,NA,NA,NA,NA
NA,NA,NA,NA,NA
NA,NA,NA,NA,NA
NA,NA,NA,NA,NA
NA,NA,NA,NA,NA
NA,NA,NA,NA,NA
NA,NA,NA,NA,NA
NA,NA,NA,NA,NA
NA,NA,NA,NA,NA
NA,NA,NA,NA,NA
NA,NA,NA,NA,NA
NA,NA,NA,NA,NA
NA,NA,NA,NA,NA
NA,NA,NA,NA,NA
NA,NA,NA,NA,NA
NA,NA,NA,NA,NA
NA,NA,NA,NA,NA
NA,NA,NA,NA,NA
NA,NA,NA,NA,NA
NA,NA,NA,NA,NA
NA,NA,NA,NA,NA
NA,NA,NA,NA,NA
NA,NA,NA,NA,NA
NA,NA,NA,NA,NA
NA,NA,NA,NA,NA
NA,NA,NA,NA,NA
NA,NA,NA,NA,NA
NA,NA,NA,NA,NA
NA,NA,NA,NA,NA
NA,NA,NA,NA,NA
NA,NA,NA,NA,NA
NA,NA,NA,NA,NA
NA,NA,NA,NA,NA
NA,NA,NA,NA,NA
NA,NA,NA,NA,NA
NA,NA,NA,NA,NA
NA,NA,NA,NA,NA
NA,NA,NA,NA,NA
NA,NA,NA,NA,NA
NA,NA,NA,NA,NA
NA,NA,NA,NA,NA
NA,NA,NA,NA,NA
NA,NA,NA,NA,NA
NA,NA,NA,NA,NA
NA,NA,NA,NA,NA
NA,NA,NA,NA,NA
NA,NA,NA,NA,NA
NA,NA,NA,NA,NA
NA,NA,NA,NA,NA
NA,NA,NA,NA,NA
NA,NA,NA,NA,NA
NA,NA,NA,NA,NA
NA,NA,NA,NA,NA
NA,NA,NA,NA,NA
NA,NA,NA,NA,NA
NA,NA,NA,NA,NA
NA,NA,NA,NA,NA
NA,NA,NA,NA,NA
NA,NA,NA,NA,NA
NA,NA,NA,NA,NA
NA,NA,NA,NA,NA
NA,NA,NA,NA,NA
NA,NA,NA,NA,NA
NA,NA,NA,NA,NA
NA,NA,NA,NA,NA
NA,NA,NA,NA,NA
NA,NA,NA,NA,NA
NA,NA,NA,NA,NA
NA,NA,NA,NA,NA
NA,NA,NA,NA,NA
NA,NA,NA,NA,NA
NA,NA,NA,NA,NA
NA,NA,NA,NA,NA
NA,NA,NA,NA,NA
NA,NA,NA,NA,NA
NA,NA,NA,NA,NA
NA,NA,NA,NA,NA
NA,NA,NA,NA,NA
NA,NA,NA,NA,NA
NA,NA,NA,NA,NA
NA,NA,NA,NA,NA
NA,NA,NA,NA,NA
NA,NA,NA,NA,NA
NA,NA,NA,NA,NA
NA,NA,NA,NA,NA
NA,NA,NA,NA,NA
NA,NA,NA,NA,NA
NA,NA,NA,NA,NA
NA,NA,NA,NA,NA
NA,NA,NA,NA,NA
NA,NA,NA,NA,NA
NA,NA,NA,NA,NA
NA,NA,NA,NA,NA
NA,NA,NA,NA,NA
NA,NA,NA,NA,NA
NA,NA,NA,NA,NA
NA,NA,NA,NA,NA
NA,NA,NA,NA,NA
NA,NA,NA,NA,NA
NA,NA,NA,NA,NA
NA,NA,NA,NA,NA
NA,NA,NA,NA,NA
NA,NA,NA,NA,NA
NA,NA,NA,NA,NA
NA,NA,NA,NA,NA
NA,NA,NA,NA,NA
NA,NA,NA,NA,NA
NA,NA,NA,NA,NA
NA,NA,NA,NA,NA
NA,NA,NA,NA,NA
NA,NA,NA,NA,NA
NA,NA,NA,NA,NA
NA,NA,NA,NA,NA
NA,NA,NA,NA,NA
NA,NA,NA,NA,NA
NA,NA,NA,NA,NA
NA,NA,NA,NA,NA
NA,NA,NA,NA,NA
NA,NA,NA,NA,NA
NA,NA,NA,NA,NA
NA,NA,NA,NA,NA
NA,NA,NA,NA,NA
NA,NA,NA,NA,NA
NA,NA,NA,NA,NA
NA,NA,NA,NA,NA
NA,NA,NA,NA,NA
NA,NA,NA,NA,NA
NA,NA,NA,NA,NA
NA,NA,NA,NA,NA
NA,NA,NA,NA,NA
NA,NA,NA,NA,NA
NA,NA,NA,NA,NA
NA,NA,NA,NA,NA
NA,NA,NA,NA,NA
NA,NA,NA,NA,NA
NA,NA,NA,NA,NA
NA,NA,NA,NA,NA
NA,NA,NA,NA,NA
NA,NA,NA,NA,NA
NA,NA,NA,NA,NA
NA,NA,NA,NA,NA
NA,NA,NA,NA,NA
NA,NA,NA,NA,NA
NA,NA,NA,NA,NA
NA,NA,NA,NA,NA
NA,NA,NA,NA,NA
NA,NA,NA,NA,NA
NA,NA,NA,NA,NA
NA,NA,NA,NA,NA
NA,NA,NA,NA,NA
NA,NA,NA,NA,NA
NA,NA,NA,NA,NA
NA,NA,NA,NA,NA
NA,NA,NA,NA,NA
NA,NA,NA,NA,NA
NA,NA,NA,NA,NA
NA,NA,NA,NA,NA
NA,NA,NA,NA,NA
NA,NA,NA,NA,NA
NA,NA,NA,NA,NA
NA,NA,NA,NA,NA
NA,NA,NA,NA,NA
NA,NA,NA,NA,NA
NA,NA,NA,NA,NA
NA,NA,NA,NA,NA
NA,NA,NA,NA,NA
NA,NA,NA,NA,NA
NA,NA,NA,NA,NA
NA,NA,NA,NA,NA
NA,NA,NA,NA,NA
NA,NA,NA,NA,NA
NA,NA,NA,NA,NA
NA,NA,NA,NA,NA
NA,NA,NA,NA,NA
NA,NA,NA,NA,NA
NA,NA,NA,NA,NA
NA,NA,NA,NA,NA
NA,NA,NA,NA,NA
NA,NA,NA,NA,NA
NA,NA,NA,NA,NA
NA,NA,NA,NA,NA
NA,NA,NA,NA,NA
NA,NA,NA,NA,NA
NA,NA,NA,NA,NA
NA,NA,NA,NA,NA
NA,NA,NA,NA,NA
NA,NA,NA,NA,NA
NA,NA,NA,NA,NA
NA,NA,NA,NA,NA
NA,NA,NA,NA,NA
NA,NA,NA,NA,NA
NA,NA,NA,NA,NA
NA,NA,NA,NA,NA
NA,NA,NA,NA,NA
NA,NA,NA,NA,NA
NA,NA,NA,NA,NA
NA,NA,NA,NA,NA
NA,NA,NA,NA,NA
NA,NA,NA,NA,NA
NA,NA,NA,NA,NA
NA,NA,NA,NA,NA
NA,NA,NA,NA,NA
NA,NA,NA,NA,NA
NA,NA,NA,NA,NA
NA,NA,NA,NA,NA
NA,NA,NA,NA,NA
NA,NA,NA,NA,NA
NA,NA,NA,NA,NA
NA,NA,NA,NA,NA
NA,NA,NA,NA,NA
NA,NA,NA,NA,NA
NA,NA,NA,NA,NA
NA,NA,NA,NA,NA
NA,NA,NA,NA,NA
NA,NA,NA,NA,NA
NA,NA,NA,NA,NA
NA,NA,NA,NA,NA
NA,NA,NA,NA,NA
NA,NA,NA,NA,NA
NA,NA,NA,NA,NA
NA,NA,NA,NA,NA
NA,NA,NA,NA,NA
NA,NA,NA,NA,NA
NA,NA,NA,NA,NA
NA,NA,NA,NA,NA
NA,NA,NA,NA,NA
NA,NA,NA,NA,NA
NA,NA,NA,NA,NA
NA,NA,NA,NA,NA
NA,NA,NA,NA,NA
NA,NA,NA,NA,NA
NA,NA,NA,NA,NA
NA,NA,NA,NA,NA
NA,NA,NA,NA,NA
NA,NA,NA,NA,NA
NA,NA,NA,NA,NA
NA,NA,NA,NA,NA
NA,NA,NA,NA,NA
NA,NA,NA,NA,NA
NA,NA,NA,NA,NA
NA,NA,NA,NA,NA
NA,NA,NA,NA,NA
NA,NA,NA,NA,NA
NA,NA,NA,NA,NA
NA,NA,NA,NA,NA
NA,NA,NA,NA,NA
NA,NA,NA,NA,NA
NA,NA,NA,NA,NA
NA,NA,NA,NA,NA
NA,NA,NA,NA,NA
NA,NA,NA,NA,NA
NA,NA,NA,NA,NA
NA,NA,NA,NA,NA
NA,NA,NA,NA,NA
NA,NA,NA,NA,NA
NA,NA,NA,NA,NA
NA,NA,NA,NA,NA
NA,NA,NA,NA,NA
NA,NA,NA,NA,NA
NA,NA,NA,NA,NA
NA,NA,NA,NA,NA
NA,NA,NA,NA,NA
NA,NA,NA,NA,NA
NA,NA,NA,NA,NA
NA,NA,NA,NA,NA
NA,NA,NA,NA,NA
NA,NA,NA,NA,NA
NA,NA,NA,NA,NA
NA,NA,NA,NA,NA
NA,NA,NA,NA,NA
NA,NA,NA,NA,NA
NA,NA,NA,NA,NA
NA,NA,NA,NA,NA
NA,NA,NA,NA,NA
NA,NA,NA,NA,NA
NA,NA,NA,NA,NA
NA,NA,NA,NA,NA
NA,NA,NA,NA,NA
NA,NA,NA,NA,NA
NA,NA,NA,NA,NA
NA,NA,NA,NA,NA
NA,NA,NA,NA,NA
NA,NA,NA,NA,NA
NA,NA,NA,NA,NA
NA,NA,NA,NA,NA
NA,NA,NA,NA,NA
NA,NA,NA,NA,NA
NA,NA,NA,NA,NA
NA,NA,NA,NA,NA
NA,NA,NA,NA,NA
NA,NA,NA,NA,NA
NA,NA,NA,NA,NA
NA,NA,NA,NA,NA
NA,NA,NA,NA,NA
NA,NA,NA,NA,NA
NA,NA,NA,NA,NA
NA,NA,NA,NA,NA
NA,NA,NA,NA,NA
NA,NA,NA,NA,NA
NA,NA,NA,NA,NA
NA,NA,NA,NA,NA
NA,NA,NA,NA,NA
NA,NA,NA,NA,NA
NA,NA,NA,NA,NA
NA,NA,NA,NA,NA
NA,NA,NA,NA,NA
NA,NA,NA,NA,NA
NA,NA,NA,NA,NA
NA,NA,NA,NA,NA
NA,NA,NA,NA,NA
NA,NA,NA,NA,NA
NA,NA,NA,NA,NA
NA,NA,NA,NA,NA
NA,NA,NA,NA,NA
NA,NA,NA,NA,NA
NA,NA,NA,NA,NA
NA,NA,NA,NA,NA
NA,NA,NA,NA,NA
NA,NA,NA,NA,NA
NA,NA,NA,NA,NA
NA,NA,NA,NA,NA
NA,NA,NA,NA,NA
NA,NA,NA,NA,NA
NA,NA,NA,NA,NA
NA,NA,NA,NA,NA
NA,NA,NA,NA,NA
NA,NA,NA,NA,NA
NA,NA,NA,NA,NA
NA,NA,NA,NA,NA
NA,NA,NA,NA,NA
NA,NA,NA,NA,NA
NA,NA,NA,NA,NA
NA,NA,NA,NA,NA
NA,NA,NA,NA,NA
NA,NA,NA,NA,NA
NA,NA,NA,NA,NA
NA,NA,NA,NA,NA
NA,NA,NA,NA,NA
NA,NA,NA,NA,NA
NA,NA,NA,NA,NA
NA,NA,NA,NA,NA
NA,NA,NA,NA,NA
NA,NA,NA,NA,NA
NA,NA,NA,NA,NA
NA,NA,NA,NA,NA
NA,NA,NA,NA,NA
NA,NA,NA,NA,NA
NA,NA,NA,NA,NA
NA,NA,NA,NA,NA
NA,NA,NA,NA,NA
NA,NA,NA,NA,NA
NA,NA,NA,NA,NA
NA,NA,NA,NA,NA
NA,NA,NA,NA,NA
NA,NA,NA,NA,NA
NA,NA,NA,NA,NA
NA,NA,NA,NA,NA
NA,NA,NA,NA,NA
NA,NA,NA,NA,NA
NA,NA,NA,NA,NA
NA,NA,NA,NA,NA
NA,NA,NA,NA,NA
NA,NA,NA,NA,NA
NA,NA,NA,NA,NA
NA,NA,NA,NA,NA
NA,NA,NA,NA,NA
NA,NA,NA,NA,NA
NA,NA,NA,NA,NA
NA,NA,NA,NA,NA
NA,NA,NA,NA,NA
NA,NA,NA,NA,NA
NA,NA,NA,NA,NA
NA,NA,NA,NA,NA
NA,NA,NA,NA,NA
NA,NA,NA,NA,NA
NA,NA,NA,NA,NA
NA,NA,NA,NA,NA
NA,NA,NA,NA,NA
NA,NA,NA,NA,NA
NA,NA,NA,NA,NA
NA,NA,NA,NA,NA
NA,NA,NA,NA,NA
NA,NA,NA,NA,NA
NA,NA,NA,NA,NA
NA,NA,NA,NA,NA
NA,NA,NA,NA,NA
NA,NA,NA,NA,NA
NA,NA,NA,NA,NA
NA,NA,NA,NA,NA
NA,NA,NA,NA,NA
NA,NA,NA,NA,NA
NA,NA,NA,NA,NA
NA,NA,NA,NA,NA
NA,NA,NA,NA,NA
NA,NA,NA,NA,NA
NA,NA,NA,NA,NA
NA,NA,NA,NA,NA
NA,NA,NA,NA,NA
NA,NA,NA,NA,NA
NA,NA,NA,NA,NA
NA,NA,NA,NA,NA
NA,NA,NA,NA,NA
NA,NA,NA,NA,NA
NA,NA,NA,NA,NA
NA,NA,NA,NA,NA
NA,NA,NA,NA,NA
NA,NA,NA,NA,NA
NA,NA,NA,NA,NA
NA,NA,NA,NA,NA
NA,NA,NA,NA,NA
NA,NA,NA,NA,NA
NA,NA,NA,NA,NA
NA,NA,NA,NA,NA
NA,NA,NA,NA,NA
NA,NA,NA,NA,NA
NA,NA,NA,NA,NA
NA,NA,NA,NA,NA
NA,NA,NA,NA,NA
NA,NA,NA,NA,NA
NA,NA,NA,NA,NA
NA,NA,NA,NA,NA
NA,NA,NA,NA,NA
NA,NA,NA,NA,NA
NA,NA,NA,NA,NA
NA,NA,NA,NA,NA
NA,NA,NA,NA,NA
NA,NA,NA,NA,NA
NA,NA,NA,NA,NA
NA,NA,NA,NA,NA
NA,NA,NA,NA,NA
NA,NA,NA,NA,NA
NA,NA,NA,NA,NA
NA,NA,NA,NA,NA
NA,NA,NA,NA,NA
NA,NA,NA,NA,NA
NA,NA,NA,NA,NA
NA,NA,NA,NA,NA
NA,NA,NA,NA,NA
NA,NA,NA,NA,NA
NA,NA,NA,NA,NA
NA,NA,NA,NA,NA
NA,NA,NA,NA,NA
NA,NA,NA,NA,NA
NA,NA,NA,NA,NA
NA,NA,NA,NA,NA
NA,NA,NA,NA,NA
NA,NA,NA,NA,NA
NA,NA,NA,NA,NA
NA,NA,NA,NA,NA
NA,NA,NA,NA,NA
NA,NA,NA,NA,NA
NA,NA,NA,NA,NA
NA,NA,NA,NA,NA
NA,NA,NA,NA,NA
NA,NA,NA,NA,NA
NA,NA,NA,NA,NA
NA,NA,NA,NA,NA
NA,NA,NA,NA,NA
NA,NA,NA,NA,NA
NA,NA,NA,NA,NA
NA,NA,NA,NA,NA
NA,NA,NA,NA,NA
NA,NA,NA,NA,NA
NA,NA,NA,NA,NA
NA,NA,NA,NA,NA
NA,NA,NA,NA,NA
NA,NA,NA,NA,NA
NA,NA,NA,NA,NA
NA,NA,NA,NA,NA
NA,NA,NA,NA,NA
NA,NA,NA,NA,NA
NA,NA,NA,NA,NA
NA,NA,NA,NA,NA
NA,NA,NA,NA,NA
NA,NA,NA,NA,NA
NA,NA,NA,NA,NA
NA,NA,NA,NA,NA
NA,NA,NA,NA,NA
NA,NA,NA,NA,NA
NA,NA,NA,NA,NA
NA,NA,NA,NA,NA
NA,NA,NA,NA,NA
NA,NA,NA,NA,NA
NA,NA,NA,NA,NA
NA,NA,NA,NA,NA
NA,NA,NA,NA,NA
NA,NA,NA,NA,NA
NA,NA,NA,NA,NA
NA,NA,NA,NA,NA
NA,NA,NA,NA,NA
NA,NA,NA,NA,NA
NA,NA,NA,NA,NA
NA,NA,NA,NA,NA
NA,NA,NA,NA,NA
NA,NA,NA,NA,NA
NA,NA,NA,NA,NA
NA,NA,NA,NA,NA
NA,NA,NA,NA,NA
NA,NA,NA,NA,NA
NA,NA,NA,NA,NA
NA,NA,NA,NA,NA
NA,NA,NA,NA,NA
NA,NA,NA,NA,NA
NA,NA,NA,NA,NA
NA,NA,NA,NA,NA
NA,NA,NA,NA,NA
NA,NA,NA,NA,NA
NA,NA,NA,NA,NA
NA,NA,NA,NA,NA
NA,NA,NA,NA,NA
NA,NA,NA,NA,NA
NA,NA,NA,NA,NA
NA,NA,NA,NA,NA
NA,NA,NA,NA,NA
NA,NA,NA,NA,NA
NA,NA,NA,NA,NA
NA,NA,NA,NA,NA
NA,NA,NA,NA,NA
NA,NA,NA,NA,NA
NA,NA,NA,NA,NA
NA,NA,NA,NA,NA
NA,NA,NA,NA,NA
NA,NA,NA,NA,NA
NA,NA,NA,NA,NA
NA,NA,NA,NA,NA
NA,NA,NA,NA,NA
NA,NA,NA,NA,NA
NA,NA,NA,NA,NA
NA,NA,NA,NA,NA
NA,NA,NA,NA,NA
NA,NA,NA,NA,NA
NA,NA,NA,NA,NA
NA,NA,NA,NA,NA
NA,NA,NA,NA,NA
NA,NA,NA,NA,NA
NA,NA,NA,NA,NA
NA,NA,NA,NA,NA
NA,NA,NA,NA,NA
NA,NA,NA,NA,NA
NA,NA,NA,NA,NA
NA,NA,NA,NA,NA
NA,NA,NA,NA,NA
NA,NA,NA,NA,NA
NA,NA,NA,NA,NA
NA,NA,NA,NA,NA
NA,NA,NA,NA,NA
NA,NA,NA,NA,NA
NA,NA,NA,NA,NA
NA,NA,NA,NA,NA
NA,NA,NA,NA,NA
NA,NA,NA,NA,NA
NA,NA,NA,NA,NA
NA,NA,NA,NA,NA
NA,NA,NA,NA,NA
NA,NA,NA,NA,NA
NA,NA,NA,NA,NA
NA,NA,NA,NA,NA
NA,NA,NA,NA,NA
NA,NA,NA,NA,NA
NA,NA,NA,NA,NA
NA,NA,NA,NA,NA
NA,NA,NA,NA,NA
NA,NA,NA,NA,NA
NA,NA,NA,NA,NA
NA,NA,NA,NA,NA
NA,NA,NA,NA,NA
NA,NA,NA,NA,NA
NA,NA,NA,NA,NA
NA,NA,NA,NA,NA
NA,NA,NA,NA,NA
NA,NA,NA,NA,NA
NA,NA,NA,NA,NA
NA,NA,NA,NA,NA
NA,NA,NA,NA,NA
NA,NA,NA,NA,NA
NA,NA,NA,NA,NA
NA,NA,NA,NA,NA
NA,NA,NA,NA,NA
NA,NA,NA,NA,NA
NA,NA,NA,NA,NA
NA,NA,NA,NA,NA
NA,NA,NA,NA,NA
NA,NA,NA,NA,NA
NA,NA,NA,NA,NA
NA,NA,NA,NA,NA
NA,NA,NA,NA,NA
NA,NA,NA,NA,NA
NA,NA,NA,NA,NA
NA,NA,NA,NA,NA
NA,NA,NA,NA,NA
NA,NA,NA,NA,NA
NA,NA,NA,NA,NA
NA,NA,NA,NA,NA
NA,NA,NA,NA,NA
NA,NA,NA,NA,NA
NA,NA,NA,NA,NA
NA,NA,NA,NA,NA
NA,NA,NA,NA,NA
NA,NA,NA,NA,NA
NA,NA,NA,NA,NA
NA,NA,NA,NA,NA
NA,NA,NA,NA,NA
NA,NA,NA,NA,NA
NA,NA,NA,NA,NA
NA,NA,NA,NA,NA
NA,NA,NA,NA,NA
NA,NA,NA,NA,NA
NA,NA,NA,NA,NA
NA,NA,NA,NA,NA
NA,NA,NA,NA,NA
NA,NA,NA,NA,NA
NA,NA,NA,NA,NA
NA,NA,NA,NA,NA
NA,NA,NA,NA,NA
NA,NA,NA,NA,NA
NA,NA,NA,NA,NA
NA,NA,NA,NA,NA
NA,NA,NA,NA,NA
NA,NA,NA,NA,NA
NA,NA,NA,NA,NA
NA,NA,NA,NA,NA
NA,NA,NA,NA,NA
NA,NA,NA,NA,NA
NA,NA,NA,NA,NA
NA,NA,NA,NA,NA
NA,NA,NA,NA,NA
NA,NA,NA,NA,NA
NA,NA,NA,NA,NA
NA,NA,NA,NA,NA
NA,NA,NA,NA,NA
NA,NA,NA,NA,NA
NA,NA,NA,NA,NA
NA,NA,NA,NA,NA
NA,NA,NA,NA,NA
NA,NA,NA,NA,NA
NA,NA,NA,NA,NA
NA,NA,NA,NA,NA
NA,NA,NA,NA,NA
NA,NA,NA,NA,NA
NA,NA,NA,NA,NA
NA,NA,NA,NA,NA
NA,NA,NA,NA,NA
NA,NA,NA,NA,NA
NA,NA,NA,NA,NA
NA,NA,NA,NA,NA
NA,NA,NA,NA,NA
NA,NA,NA,NA,NA
NA,NA,NA,NA,NA
NA,NA,NA,NA,NA
NA,NA,NA,NA,NA
NA,NA,NA,NA,NA
NA,NA,NA,NA,NA
NA,NA,NA,NA,NA
NA,NA,NA,NA,NA
NA,NA,NA,NA,NA
NA,NA,NA,NA,NA
NA,NA,NA,NA,NA
NA,NA,NA,NA,NA
NA,NA,NA,NA,NA
NA,NA,NA,NA,NA
NA,NA,NA,NA,NA
NA,NA,NA,NA,NA
NA,NA,NA,NA,NA
NA,NA,NA,NA,NA
NA,NA,NA,NA,NA
NA,NA,NA,NA,NA
NA,NA,NA,NA,NA
NA,NA,NA,NA,NA
NA,NA,NA,NA,NA
NA,NA,NA,NA,NA
NA,NA,NA,NA,NA
NA,NA,NA,NA,NA
NA,NA,NA,NA,NA
NA,NA,NA,NA,NA
NA,NA,NA,NA,NA
NA,NA,NA,NA,NA
NA,NA,NA,NA,NA
NA,NA,NA,NA,NA
NA,NA,NA,NA,NA
NA,NA,NA,NA,NA
NA,NA,NA,NA,NA
NA,NA,NA,NA,NA
NA,NA,NA,NA,NA
NA,NA,NA,NA,NA
NA,NA,NA,NA,NA
NA,NA,NA,NA,NA
NA,NA,NA,NA,NA
NA,NA,NA,NA,NA
NA,NA,NA,NA,NA
NA,NA,NA,NA,NA
NA,NA,NA,NA,NA
NA,NA,NA,NA,NA
NA,NA,NA,NA,NA
NA,NA,NA,NA,NA
NA,NA,NA,NA,NA
NA,NA,NA,NA,NA
NA,NA,NA,NA,NA
NA,NA,NA,NA,NA
NA,NA,NA,NA,NA
NA,NA,NA,NA,NA
NA,NA,NA,NA,NA
NA,NA,NA,NA,NA
NA,NA,NA,NA,NA
NA,NA,NA,NA,NA
NA,NA,NA,NA,NA
NA,NA,NA,NA,NA
NA,NA,NA,NA,NA
NA,NA,NA,NA,NA
NA,NA,NA,NA,NA
NA,NA,NA,NA,NA
NA,NA,NA,NA,NA
NA,NA,NA,NA,NA
NA,NA,NA,NA,NA
NA,NA,NA,NA,NA
NA,NA,NA,NA,NA
NA,NA,NA,NA,NA
NA,NA,NA,NA,NA
NA,NA,NA,NA,NA
NA,NA,NA,NA,NA
NA,NA,NA,NA,NA
NA,NA,NA,NA,NA
NA,NA,NA,NA,NA
NA,NA,NA,NA,NA
NA,NA,NA,NA,NA
NA,NA,NA,NA,NA
NA,NA,NA,NA,NA
NA,NA,NA,NA,NA
NA,NA,NA,NA,NA
NA,NA,NA,NA,NA
NA,NA,NA,NA,NA
NA,NA,NA,NA,NA
NA,NA,NA,NA,NA
NA,NA,NA,NA,NA
NA,NA,NA,NA,NA
NA,NA,NA,NA,NA
NA,NA,NA,NA,NA
NA,NA,NA,NA,NA
NA,NA,NA,NA,NA
NA,NA,NA,NA,NA
NA,NA,NA,NA,NA
NA,NA,NA,NA,NA
NA,NA,NA,NA,NA
NA,NA,NA,NA,NA
NA,NA,NA,NA,NA
NA,NA,NA,NA,NA
NA,NA,NA,NA,NA
NA,NA,NA,NA,NA
NA,NA,NA,NA,NA
NA,NA,NA,NA,NA
NA,NA,NA,NA,NA
NA,NA,NA,NA,NA
NA,NA,NA,NA,NA
NA,NA,NA,NA,NA
NA,NA,NA,NA,NA
NA,NA,NA,NA,NA
NA,NA,NA,NA,NA
NA,NA,NA,NA,NA
NA,NA,NA,NA,NA
NA,NA,NA,NA,NA
NA,NA,NA,NA,NA
NA,NA,NA,NA,NA
NA,NA,NA,NA,NA
NA,NA,NA,NA,NA
NA,NA,NA,NA,NA
NA,NA,NA,NA,NA
NA,NA,NA,NA,NA
NA,NA,NA,NA,NA
NA,NA,NA,NA,NA
NA,NA,NA,NA,NA
NA,NA,NA,NA,NA
NA,NA,NA,NA,NA
NA,NA,NA,NA,NA
NA,NA,NA,NA,NA
NA,NA,NA,NA,NA
NA,NA,NA,NA,NA
NA,NA,NA,NA,NA
NA,NA,NA,NA,NA
NA,NA,NA,NA,NA
NA,NA,NA,NA,NA
NA,NA,NA,NA,NA
NA,NA,NA,NA,NA
NA,NA,NA,NA,NA
NA,NA,NA,NA,NA
NA,NA,NA,NA,NA
NA,NA,NA,NA,NA
NA,NA,NA,NA,NA
NA,NA,NA,NA,NA
NA,NA,NA,NA,NA
NA,NA,NA,NA,NA
NA,NA,NA,NA,NA
NA,NA,NA,NA,NA
NA,NA,NA,NA,NA
NA,NA,NA,NA,NA
NA,NA,NA,NA,NA
NA,NA,NA,NA,NA
NA,NA,NA,NA,NA
NA,NA,NA,NA,NA
NA,NA,NA,NA,NA
NA,NA,NA,NA,NA
NA,NA,NA,NA,NA
NA,NA,NA,NA,NA
NA,NA,NA,NA,NA
NA,NA,NA,NA,NA
NA,NA,NA,NA,NA
NA,NA,NA,NA,NA
NA,NA,NA,NA,NA
NA,NA,NA,NA,NA
NA,NA,NA,NA,NA
NA,NA,NA,NA,NA
NA,NA,NA,NA,NA
NA,NA,NA,NA,NA
NA,NA,NA,NA,NA
NA,NA,NA,NA,NA
NA,NA,NA,NA,NA
NA,NA,NA,NA,NA
NA,NA,NA,NA,NA
NA,NA,NA,NA,NA
NA,NA,NA,NA,NA
NA,NA,NA,NA,NA
NA,NA,NA,NA,NA
NA,NA,NA,NA,NA
NA,NA,NA,NA,NA
NA,NA,NA,NA,NA
NA,NA,NA,NA,NA
NA,NA,NA,NA,NA
NA,NA,NA,NA,NA
NA,NA,NA,NA,NA
NA,NA,NA,NA,NA
NA,NA,NA,NA,NA
NA,NA,NA,NA,NA
NA,NA,NA,NA,NA
NA,NA,NA,NA,NA
NA,NA,NA,NA,NA
NA,NA,NA,NA,NA
NA,NA,NA,NA,NA
NA,NA,NA,NA,NA
NA,NA,NA,NA,NA
NA,NA,NA,NA,NA
NA,NA,NA,NA,NA
NA,NA,NA,NA,NA
NA,NA,NA,NA,NA
NA,NA,NA,NA,NA
NA,NA,NA,NA,NA
NA,NA,NA,NA,NA
NA,NA,NA,NA,NA
NA,NA,NA,NA,NA
NA,NA,NA,NA,NA
NA,NA,NA,NA,NA
NA,NA,NA,NA,NA
NA,NA,NA,NA,NA
NA,NA,NA,NA,NA
NA,NA,NA,NA,NA
NA,NA,NA,NA,NA
NA,NA,NA,NA,NA
NA,NA,NA,NA,NA
NA,NA,NA,NA,NA
NA,NA,NA,NA,NA
NA,NA,NA,NA,NA
NA,NA,NA,NA,NA
NA,NA,NA,NA,NA
NA,NA,NA,NA,NA
NA,NA,NA,NA,NA
NA,NA,NA,NA,NA
NA,NA,NA,NA,NA
NA,NA,NA,NA,NA
NA,NA,NA,NA,NA
NA,NA,NA,NA,NA
NA,NA,NA,NA,NA
NA,NA,NA,NA,NA
NA,NA,NA,NA,NA
NA,NA,NA,NA,NA
NA,NA,NA,NA,NA
NA,NA,NA,NA,NA
NA,NA,NA,NA,NA
NA,NA,NA,NA,NA
NA,NA,NA,NA,NA
NA,NA,NA,NA,NA
NA,NA,NA,NA,NA
NA,NA,NA,NA,NA
NA,NA,NA,NA,NA
NA,NA,NA,NA,NA
NA,NA,NA,NA,NA
NA,NA,NA,NA,NA
NA,NA,NA,NA,NA
NA,NA,NA,NA,NA
NA,NA,NA,NA,NA
NA,NA,NA,NA,NA
NA,NA,NA,NA,NA
NA,NA,NA,NA,NA
NA,NA,NA,NA,NA
NA,NA,NA,NA,NA
NA,NA,NA,NA,NA
NA,NA,NA,NA,NA
NA,NA,NA,NA,NA
NA,NA,NA,NA,NA
NA,NA,NA,NA,NA
NA,NA,NA,NA,NA
NA,NA,NA,NA,NA
NA,NA,NA,NA,NA
NA,NA,NA,NA,NA
NA,NA,NA,NA,NA
NA,NA,NA,NA,NA
NA,NA,NA,NA,NA
NA,NA,NA,NA,NA
NA,NA,NA,NA,NA
NA,NA,NA,NA,NA
NA,NA,NA,NA,NA
NA,NA,NA,NA,NA
NA,NA,NA,NA,NA
NA,NA,NA,NA,NA
NA,NA,NA,NA,NA
NA,NA,NA,NA,NA
NA,NA,NA,NA,NA
NA,NA,NA,NA,NA
NA,NA,NA,NA,NA
NA,NA,NA,NA,NA
NA,NA,NA,NA,NA
NA,NA,NA,NA,NA
NA,NA,NA,NA,NA
NA,NA,NA,NA,NA
NA,NA,NA,NA,NA
NA,NA,NA,NA,NA
NA,NA,NA,NA,NA
NA,NA,NA,NA,NA
NA,NA,NA,NA,NA
NA,NA,NA,NA,NA
NA,NA,NA,NA,NA
NA,NA,NA,NA,NA
NA,NA,NA,NA,NA
NA,NA,NA,NA,NA
NA,NA,NA,NA,NA
NA,NA,NA,NA,NA
NA,NA,NA,NA,NA
NA,NA,NA,NA,NA
NA,NA,NA,NA,NA
NA,NA,NA,NA,NA
NA,NA,NA,NA,NA
NA,NA,NA,NA,NA
NA,NA,NA,NA,NA
NA,NA,NA,NA,NA
NA,NA,NA,NA,NA
NA,NA,NA,NA,NA
NA,NA,NA,NA,NA
NA,NA,NA,NA,NA
NA,NA,NA,NA,NA
NA,NA,NA,NA,NA
NA,NA,NA,NA,NA
NA,NA,NA,NA,NA
NA,NA,NA,NA,NA
NA,NA,NA,NA,NA
NA,NA,NA,NA,NA
NA,NA,NA,NA,NA
NA,NA,NA,NA,NA
NA,NA,NA,NA,NA
NA,NA,NA,NA,NA
NA,NA,NA,NA,NA
NA,NA,NA,NA,NA
NA,NA,NA,NA,NA
NA,NA,NA,NA,NA
NA,NA,NA,NA,NA
NA,NA,NA,NA,NA
NA,NA,NA,NA,NA
NA,NA,NA,NA,NA
NA,NA,NA,NA,NA
NA,NA,NA,NA,NA
NA,NA,NA,NA,NA
NA,NA,NA,NA,NA
NA,NA,NA,NA,NA
NA,NA,NA,NA,NA
NA,NA,NA,NA,NA
NA,NA,NA,NA,NA
NA,NA,NA,NA,NA
NA,NA,NA,NA,NA
NA,NA,NA,NA,NA
NA,NA,NA,NA,NA
NA,NA,NA,NA,NA
NA,NA,NA,NA,NA
NA,NA,NA,NA,NA
NA,NA,NA,NA,NA
NA,NA,NA,NA,NA
NA,NA,NA,NA,NA
NA,NA,NA,NA,NA
NA,NA,NA,NA,NA
NA,NA,NA,NA,NA
NA,NA,NA,NA,NA
NA,NA,NA,NA,NA
NA,NA,NA,NA,NA
NA,NA,NA,NA,NA
NA,NA,NA,NA,NA
NA,NA,NA,NA,NA
NA,NA,NA,NA,NA
NA,NA,NA,NA,NA
NA,NA,NA,NA,NA
NA,NA,NA,NA,NA
NA,NA,NA,NA,NA
NA,NA,NA,NA,NA
NA,NA,NA,NA,NA
NA,NA,NA,NA,NA
NA,NA,NA,NA,NA
NA,NA,NA,NA,NA
NA,NA,NA,NA,NA
NA,NA,NA,NA,NA
NA,NA,NA,NA,NA
NA,NA,NA,NA,NA
NA,NA,NA,NA,NA
NA,NA,NA,NA,NA
NA,NA,NA,NA,NA
NA,NA,NA,NA,NA
NA,NA,NA,NA,NA
NA,NA,NA,NA,NA
NA,NA,NA,NA,NA
NA,NA,NA,NA,NA
NA,NA,NA,NA,NA
NA,NA,NA,NA,NA
NA,NA,NA,NA,NA
NA,NA,NA,NA,NA
NA,NA,NA,NA,NA
NA,NA,NA,NA,NA
NA,NA,NA,NA,NA
NA,NA,NA,NA,NA
NA,NA,NA,NA,NA
NA,NA,NA,NA,NA
NA,NA,NA,NA,NA
NA,NA,NA,NA,NA
NA,NA,NA,NA,NA
NA,NA,NA,NA,NA
NA,NA,NA,NA,NA
NA,NA,NA,NA,NA
NA,NA,NA,NA,NA
NA,NA,NA,NA,NA
NA,NA,NA,NA,NA
NA,NA,NA,NA,NA
NA,NA,NA,NA,NA
NA,NA,NA,NA,NA
NA,NA,NA,NA,NA
NA,NA,NA,NA,NA
NA,NA,NA,NA,NA
NA,NA,NA,NA,NA
NA,NA,NA,NA,NA
NA,NA,NA,NA,NA
NA,NA,NA,NA,NA
NA,NA,NA,NA,NA
NA,NA,NA,NA,NA
NA,NA,NA,NA,NA
NA,NA,NA,NA,NA
NA,NA,NA,NA,NA
NA,NA,NA,NA,NA
NA,NA,NA,NA,NA
NA,NA,NA,NA,NA
NA,NA,NA,NA,NA
NA,NA,NA,NA,NA
NA,NA,NA,NA,NA
NA,NA,NA,NA,NA
NA,NA,NA,NA,NA
NA,NA,NA,NA,NA
NA,NA,NA,NA,NA
NA,NA,NA,NA,NA
NA,NA,NA,NA,NA
NA,NA,NA,NA,NA
NA,NA,NA,NA,NA
NA,NA,NA,NA,NA
NA,NA,NA,NA,NA
NA,NA,NA,NA,NA
NA,NA,NA,NA,NA
NA,NA,NA,NA,NA
NA,NA,NA,NA,NA
NA,NA,NA,NA,NA
NA,NA,NA,NA,NA
NA,NA,NA,NA,NA
NA,NA,NA,NA,NA
NA,NA,NA,NA,NA
NA,NA,NA,NA,NA
NA,NA,NA,NA,NA
NA,NA,NA,NA,NA
NA,NA,NA,NA,NA
NA,NA,NA,NA,NA
NA,NA,NA,NA,NA
NA,NA,NA,NA,NA
NA,NA,NA,NA,NA
NA,NA,NA,NA,NA
NA,NA,NA,NA,NA
NA,NA,NA,NA,NA
NA,NA,NA,NA,NA
NA,NA,NA,NA,NA
NA,NA,NA,NA,NA
NA,NA,NA,NA,NA
NA,NA,NA,NA,NA
NA,NA,NA,NA,NA
NA,NA,NA,NA,NA
NA,NA,NA,NA,NA
NA,NA,NA,NA,NA
NA,NA,NA,NA,NA
NA,NA,NA,NA,NA
NA,NA,NA,NA,NA
NA,NA,NA,NA,NA
NA,NA,NA,NA,NA
NA,NA,NA,NA,NA
NA,NA,NA,NA,NA
NA,NA,NA,NA,NA
NA,NA,NA,NA,NA
NA,NA,NA,NA,NA
NA,NA,NA,NA,NA
NA,NA,NA,NA,NA
NA,NA,NA,NA,NA
NA,NA,NA,NA,NA
NA,NA,NA,NA,NA
NA,NA,NA,NA,NA
NA,NA,NA,NA,NA
NA,NA,NA,NA,NA
NA,NA,NA,NA,NA
NA,NA,NA,NA,NA
NA,NA,NA,NA,NA
NA,NA,NA,NA,NA
NA,NA,NA,NA,NA
NA,NA,NA,NA,NA
NA,NA,NA,NA,NA
NA,NA,NA,NA,NA
NA,NA,NA,NA,NA
NA,NA,NA,NA,NA
NA,NA,NA,NA,NA
NA,NA,NA,NA,NA
NA,NA,NA,NA,NA
NA,NA,NA,NA,NA
NA,NA,NA,NA,NA
NA,NA,NA,NA,NA
NA,NA,NA,NA,NA
NA,NA,NA,NA,NA
NA,NA,NA,NA,NA
NA,NA,NA,NA,NA
NA,NA,NA,NA,NA
NA,NA,NA,NA,NA
NA,NA,NA,NA,NA
NA,NA,NA,NA,NA
NA,NA,NA,NA,NA
NA,NA,NA,NA,NA
NA,NA,NA,NA,NA
NA,NA,NA,NA,NA
NA,NA,NA,NA,NA
NA,NA,NA,NA,NA
NA,NA,NA,NA,NA
NA,NA,NA,NA,NA
NA,NA,NA,NA,NA
NA,NA,NA,NA,NA
NA,NA,NA,NA,NA
NA,NA,NA,NA,NA
NA,NA,NA,NA,NA
NA,NA,NA,NA,NA
NA,NA,NA,NA,NA
NA,NA,NA,NA,NA
NA,NA,NA,NA,NA
NA,NA,NA,NA,NA
NA,NA,NA,NA,NA
NA,NA,NA,NA,NA
NA,NA,NA,NA,NA
NA,NA,NA,NA,NA
NA,NA,NA,NA,NA
NA,NA,NA,NA,NA
NA,NA,NA,NA,NA
NA,NA,NA,NA,NA
NA,NA,NA,NA,NA
NA,NA,NA,NA,NA
NA,NA,NA,NA,NA
NA,NA,NA,NA,NA
NA,NA,NA,NA,NA
NA,NA,NA,NA,NA
NA,NA,NA,NA,NA
NA,NA,NA,NA,NA
NA,NA,NA,NA,NA
NA,NA,NA,NA,NA
NA,NA,NA,NA,NA
NA,NA,NA,NA,NA
NA,NA,NA,NA,NA
NA,NA,NA,NA,NA
NA,NA,NA,NA,NA
NA,NA,NA,NA,NA
NA,NA,NA,NA,NA
NA,NA,NA,NA,NA
NA,NA,NA,NA,NA
NA,NA,NA,NA,NA
NA,NA,NA,NA,NA
NA,NA,NA,NA,NA
NA,NA,NA,NA,NA
NA,NA,NA,NA,NA
NA,NA,NA,NA,NA
NA,NA,NA,NA,NA
NA,NA,NA,NA,NA
NA,NA,NA,NA,NA
NA,NA,NA,NA,NA
NA,NA,NA,NA,NA
NA,NA,NA,NA,NA
NA,NA,NA,NA,NA
NA,NA,NA,NA,NA
NA,NA,NA,NA,NA
NA,NA,NA,NA,NA
NA,NA,NA,NA,NA
NA,NA,NA,NA,NA
NA,NA,NA,NA,NA
NA,NA,NA,NA,NA
NA,NA,NA,NA,NA
NA,NA,NA,NA,NA
NA,NA,NA,NA,NA
NA,NA,NA,NA,NA
NA,NA,NA,NA,NA
NA,NA,NA,NA,NA
NA,NA,NA,NA,NA
NA,NA,NA,NA,NA
NA,NA,NA,NA,NA
NA,NA,NA,NA,NA
NA,NA,NA,NA,NA
NA,NA,NA,NA,NA
NA,NA,NA,NA,NA
NA,NA,NA,NA,NA
NA,NA,NA,NA,NA
NA,NA,NA,NA,NA
NA,NA,NA,NA,NA
NA,NA,NA,NA,NA
NA,NA,NA,NA,NA
NA,NA,NA,NA,NA
NA,NA,NA,NA,NA
NA,NA,NA,NA,NA
NA,NA,NA,NA,NA
NA,NA,NA,NA,NA
NA,NA,NA,NA,NA
NA,NA,NA,NA,NA
NA,NA,NA,NA,NA
NA,NA,NA,NA,NA
NA,NA,NA,NA,NA
NA,NA,NA,NA,NA
NA,NA,NA,NA,NA
NA,NA,NA,NA,NA
NA,NA,NA,NA,NA
NA,NA,NA,NA,NA
NA,NA,NA,NA,NA
NA,NA,NA,NA,NA
NA,NA,NA,NA,NA
NA,NA,NA,NA,NA
NA,NA,NA,NA,NA
NA,NA,NA,NA,NA
NA,NA,NA,NA,NA
NA,NA,NA,NA,NA
NA,NA,NA,NA,NA
NA,NA,NA,NA,NA
NA,NA,NA,NA,NA
NA,NA,NA,NA,NA
NA,NA,NA,NA,NA
NA,NA,NA,NA,NA
NA,NA,NA,NA,NA
NA,NA,NA,NA,NA
NA,NA,NA,NA,NA
NA,NA,NA,NA,NA
NA,NA,NA,NA,NA
NA,NA,NA,NA,NA
NA,NA,NA,NA,NA
NA,NA,NA,NA,NA
NA,NA,NA,NA,NA
NA,NA,NA,NA,NA
NA,NA,NA,NA,NA
NA,NA,NA,NA,NA
NA,NA,NA,NA,NA
NA,NA,NA,NA,NA
NA,NA,NA,NA,NA
NA,NA,NA,NA,NA
NA,NA,NA,NA,NA
NA,NA,NA,NA,NA
NA,NA,NA,NA,NA
NA,NA,NA,NA,NA
NA,NA,NA,NA,NA
NA,NA,NA,NA,NA
NA,NA,NA,NA,NA
NA,NA,NA,NA,NA
NA,NA,NA,NA,NA
NA,NA,NA,NA,NA
NA,NA,NA,NA,NA
NA,NA,NA,NA,NA
NA,NA,NA,NA,NA
NA,NA,NA,NA,NA
NA,NA,NA,NA,NA
NA,NA,NA,NA,NA
NA,NA,NA,NA,NA
NA,NA,NA,NA,NA
NA,NA,NA,NA,NA
NA,NA,NA,NA,NA
NA,NA,NA,NA,NA
NA,NA,NA,NA,NA
NA,NA,NA,NA,NA
NA,NA,NA,NA,NA
NA,NA,NA,NA,NA
NA,NA,NA,NA,NA
NA,NA,NA,NA,NA
NA,NA,NA,NA,NA
NA,NA,NA,NA,NA
NA,NA,NA,NA,NA
NA,NA,NA,NA,NA
NA,NA,NA,NA,NA
NA,NA,NA,NA,NA
NA,NA,NA,NA,NA
NA,NA,NA,NA,NA
NA,NA,NA,NA,NA
NA,NA,NA,NA,NA
NA,NA,NA,NA,NA
NA,NA,NA,NA,NA
NA,NA,NA,NA,NA
NA,NA,NA,NA,NA
NA,NA,NA,NA,NA
NA,NA,NA,NA,NA
NA,NA,NA,NA,NA
NA,NA,NA,NA,NA
NA,NA,NA,NA,NA
NA,NA,NA,NA,NA
NA,NA,NA,NA,NA
NA,NA,NA,NA,NA
NA,NA,NA,NA,NA
NA,NA,NA,NA,NA
NA,NA,NA,NA,NA
NA,NA,NA,NA,NA
NA,NA,NA,NA,NA
NA,NA,NA,NA,NA
NA,NA,NA,NA,NA
NA,NA,NA,NA,NA
NA,NA,NA,NA,NA
NA,NA,NA,NA,NA
NA,NA,NA,NA,NA
NA,NA,NA,NA,NA
NA,NA,NA,NA,NA
NA,NA,NA,NA,NA
NA,NA,NA,NA,NA
NA,NA,NA,NA,NA
NA,NA,NA,NA,NA
NA,NA,NA,NA,NA
NA,NA,NA,NA,NA
NA,NA,NA,NA,NA
NA,NA,NA,NA,NA
NA,NA,NA,NA,NA
NA,NA,NA,NA,NA
NA,NA,NA,NA,NA
NA,NA,NA,NA,NA
NA,NA,NA,NA,NA
NA,NA,NA,NA,NA
NA,NA,NA,NA,NA
NA,NA,NA,NA,NA
NA,NA,NA,NA,NA
NA,NA,NA,NA,NA
NA,NA,NA,NA,NA
NA,NA,NA,NA,NA
NA,NA,NA,NA,NA
NA,NA,NA,NA,NA
NA,NA,NA,NA,NA
NA,NA,NA,NA,NA
NA,NA,NA,NA,NA
NA,NA,NA,NA,NA
NA,NA,NA,NA,NA
NA,NA,NA,NA,NA
NA,NA,NA,NA,NA
NA,NA,NA,NA,NA
NA,NA,NA,NA,NA
NA,NA,NA,NA,NA
NA,NA,NA,NA,NA
NA,NA,NA,NA,NA
NA,NA,NA,NA,NA
NA,NA,NA,NA,NA
NA,NA,NA,NA,NA
NA,NA,NA,NA,NA
NA,NA,NA,NA,NA
NA,NA,NA,NA,NA
NA,NA,NA,NA,NA
NA,NA,NA,NA,NA
NA,NA,NA,NA,NA
NA,NA,NA,NA,NA
NA,NA,NA,NA,NA
NA,NA,NA,NA,NA
NA,NA,NA,NA,NA
NA,NA,NA,NA,NA
NA,NA,NA,NA,NA
NA,NA,NA,NA,NA
NA,NA,NA,NA,NA
NA,NA,NA,NA,NA
NA,NA,NA,NA,NA
NA,NA,NA,NA,NA
NA,NA,NA,NA,NA
NA,NA,NA,NA,NA
NA,NA,NA,NA,NA
NA,NA,NA,NA,NA
NA,NA,NA,NA,NA
NA,NA,NA,NA,NA
NA,NA,NA,NA,NA
NA,NA,NA,NA,NA
NA,NA,NA,NA,NA
NA,NA,NA,NA,NA
NA,NA,NA,NA,NA
NA,NA,NA,NA,NA
NA,NA,NA,NA,NA
NA,NA,NA,NA,NA
NA,NA,NA,NA,NA
NA,NA,NA,NA,NA
NA,NA,NA,NA,NA
NA,NA,NA,NA,NA
NA,NA,NA,NA,NA
NA,NA,NA,NA,NA
NA,NA,NA,NA,NA
NA,NA,NA,NA,NA
NA,NA,NA,NA,NA
NA,NA,NA,NA,NA
NA,NA,NA,NA,NA
NA,NA,NA,NA,NA
NA,NA,NA,NA,NA
NA,NA,NA,NA,NA
NA,NA,NA,NA,NA
NA,NA,NA,NA,NA
NA,NA,NA,NA,NA
NA,NA,NA,NA,NA
NA,NA,NA,NA,NA
NA,NA,NA,NA,NA
NA,NA,NA,NA,NA
NA,NA,NA,NA,NA
NA,NA,NA,NA,NA
NA,NA,NA,NA,NA
NA,NA,NA,NA,NA
NA,NA,NA,NA,NA
NA,NA,NA,NA,NA
NA,NA,NA,NA,NA
NA,NA,NA,NA,NA
NA,NA,NA,NA,NA
NA,NA,NA,NA,NA
NA,NA,NA,NA,NA
NA,NA,NA,NA,NA
NA,NA,NA,NA,NA
NA,NA,NA,NA,NA
NA,NA,NA,NA,NA
NA,NA,NA,NA,NA
NA,NA,NA,NA,NA
NA,NA,NA,NA,NA
NA,NA,NA,NA,NA
NA,NA,NA,NA,NA
NA,NA,NA,NA,NA
NA,NA,NA,NA,NA
NA,NA,NA,NA,NA
NA,NA,NA,NA,NA
NA,NA,NA,NA,NA
NA,NA,NA,NA,NA
NA,NA,NA,NA,NA
NA,NA,NA,NA,NA
NA,NA,NA,NA,NA
NA,NA,NA,NA,NA
NA,NA,NA,NA,NA
NA,NA,NA,NA,NA
NA,NA,NA,NA,NA
NA,NA,NA,NA,NA
NA,NA,NA,NA,NA
NA,NA,NA,NA,NA
NA,NA,NA,NA,NA
NA,NA,NA,NA,NA
NA,NA,NA,NA,NA
NA,NA,NA,NA,NA
NA,NA,NA,NA,NA
NA,NA,NA,NA,NA
NA,NA,NA,NA,NA
NA,NA,NA,NA,NA
NA,NA,NA,NA,NA
NA,NA,NA,NA,NA
NA,NA,NA,NA,NA
NA,NA,NA,NA,NA
NA,NA,NA,NA,NA
NA,NA,NA,NA,NA
NA,NA,NA,NA,NA
NA,NA,NA,NA,NA
NA,NA,NA,NA,NA
NA,NA,NA,NA,NA
NA,NA,NA,NA,NA
NA,NA,NA,NA,NA
NA,NA,NA,NA,NA
NA,NA,NA,NA,NA
NA,NA,NA,NA,NA
NA,NA,NA,NA,NA
NA,NA,NA,NA,NA
NA,NA,NA,NA,NA
NA,NA,NA,NA,NA
NA,NA,NA,NA,NA
NA,NA,NA,NA,NA
NA,NA,NA,NA,NA
NA,NA,NA,NA,NA
NA,NA,NA,NA,NA
NA,NA,NA,NA,NA
NA,NA,NA,NA,NA
NA,NA,NA,NA,NA
NA,NA,NA,NA,NA
NA,NA,NA,NA,NA
NA,NA,NA,NA,NA
NA,NA,NA,NA,NA
NA,NA,NA,NA,NA
NA,NA,NA,NA,NA
NA,NA,NA,NA,NA
NA,NA,NA,NA,NA
NA,NA,NA,NA,NA
NA,NA,NA,NA,NA
NA,NA,NA,NA,NA
NA,NA,NA,NA,NA
NA,NA,NA,NA,NA
NA,NA,NA,NA,NA
NA,NA,NA,NA,NA
NA,NA,NA,NA,NA
NA,NA,NA,NA,NA
NA,NA,NA,NA,NA
NA,NA,NA,NA,NA
NA,NA,NA,NA,NA
NA,NA,NA,NA,NA
NA,NA,NA,NA,NA
NA,NA,NA,NA,NA
NA,NA,NA,NA,NA
NA,NA,NA,NA,NA
NA,NA,NA,NA,NA
NA,NA,NA,NA,NA
NA,NA,NA,NA,NA
NA,NA,NA,NA,NA
NA,NA,NA,NA,NA
NA,NA,NA,NA,NA
NA,NA,NA,NA,NA
NA,NA,NA,NA,NA
NA,NA,NA,NA,NA
NA,NA,NA,NA,NA
NA,NA,NA,NA,NA
NA,NA,NA,NA,NA
NA,NA,NA,NA,NA
NA,NA,NA,NA,NA
NA,NA,NA,NA,NA
NA,NA,NA,NA,NA
NA,NA,NA,NA,NA
NA,NA,NA,NA,NA
NA,NA,NA,NA,NA
NA,NA,NA,NA,NA
NA,NA,NA,NA,NA
NA,NA,NA,NA,NA
NA,NA,NA,NA,NA
NA,NA,NA,NA,NA
NA,NA,NA,NA,NA
NA,NA,NA,NA,NA
NA,NA,NA,NA,NA
NA,NA,NA,NA,NA
NA,NA,NA,NA,NA
NA,NA,NA,NA,NA
NA,NA,NA,NA,NA
NA,NA,NA,NA,NA
NA,NA,NA,NA,NA
NA,NA,NA,NA,NA
NA,NA,NA,NA,NA
NA,NA,NA,NA,NA
NA,NA,NA,NA,NA
NA,NA,NA,NA,NA
NA,NA,NA,NA,NA
NA,NA,NA,NA,NA
NA,NA,NA,NA,NA
NA,NA,NA,NA,NA
NA,NA,NA,NA,NA
NA,NA,NA,NA,NA
NA,NA,NA,NA,NA
NA,NA,NA,NA,NA
NA,NA,NA,NA,NA
NA,NA,NA,NA,NA
NA,NA,NA,NA,NA
NA,NA,NA,NA,NA
NA,NA,NA,NA,NA
NA,NA,NA,NA,NA
NA,NA,NA,NA,NA
NA,NA,NA,NA,NA
NA,NA,NA,NA,NA
NA,NA,NA,NA,NA
NA,NA,NA,NA,NA
NA,NA,NA,NA,NA
NA,NA,NA,NA,NA
NA,NA,NA,NA,NA
NA,NA,NA,NA,NA
NA,NA,NA,NA,NA
NA,NA,NA,NA,NA
NA,NA,NA,NA,NA
NA,NA,NA,NA,NA
NA,NA,NA,NA,NA
NA,NA,NA,NA,NA
NA,NA,NA,NA,NA
NA,NA,NA,NA,NA
NA,NA,NA,NA,NA
NA,NA,NA,NA,NA
NA,NA,NA,NA,NA
NA,NA,NA,NA,NA
NA,NA,NA,NA,NA
NA,NA,NA,NA,NA
NA,NA,NA,NA,NA
NA,NA,NA,NA,NA
NA,NA,NA,NA,NA
NA,NA,NA,NA,NA
NA,NA,NA,NA,NA
NA,NA,NA,NA,NA
NA,NA,NA,NA,NA
NA,NA,NA,NA,NA
NA,NA,NA,NA,NA
NA,NA,NA,NA,NA
NA,NA,NA,NA,NA
NA,NA,NA,NA,NA
NA,NA,NA,NA,NA
NA,NA,NA,NA,NA
NA,NA,NA,NA,NA
NA,NA,NA,NA,NA
NA,NA,NA,NA,NA
NA,NA,NA,NA,NA
NA,NA,NA,NA,NA
NA,NA,NA,NA,NA
NA,NA,NA,NA,NA
NA,NA,NA,NA,NA
NA,NA,NA,NA,NA
NA,NA,NA,NA,NA
NA,NA,NA,NA,NA
NA,NA,NA,NA,NA
NA,NA,NA,NA,NA
NA,NA,NA,NA,NA
NA,NA,NA,NA,NA
NA,NA,NA,NA,NA
NA,NA,NA,NA,NA
NA,NA,NA,NA,NA
NA,NA,NA,NA,NA
NA,NA,NA,NA,NA
NA,NA,NA,NA,NA
NA,NA,NA,NA,NA
NA,NA,NA,NA,NA
NA,NA,NA,NA,NA
NA,NA,NA,NA,NA
NA,NA,NA,NA,NA
NA,NA,NA,NA,NA
NA,NA,NA,NA,NA
NA,NA,NA,NA,NA
NA,NA,NA,NA,NA
NA,NA,NA,NA,NA
NA,NA,NA,NA,NA
NA,NA,NA,NA,NA
NA,NA,NA,NA,NA
NA,NA,NA,NA,NA
NA,NA,NA,NA,NA
NA,NA,NA,NA,NA
NA,NA,NA,NA,NA
NA,NA,NA,NA,NA
NA,NA,NA,NA,NA
NA,NA,NA,NA,NA
NA,NA,NA,NA,NA
NA,NA,NA,NA,NA
NA,NA,NA,NA,NA
NA,NA,NA,NA,NA
NA,NA,NA,NA,NA
NA,NA,NA,NA,NA
NA,NA,NA,NA,NA
NA,NA,NA,NA,NA
NA,NA,NA,NA,NA
NA,NA,NA,NA,NA
NA,NA,NA,NA,NA
NA,NA,NA,NA,NA
NA,NA,NA,NA,NA
NA,NA,NA,NA,NA
NA,NA,NA,NA,NA
NA,NA,NA,NA,NA
NA,NA,NA,NA,NA
NA,NA,NA,NA,NA
NA,NA,NA,NA,NA
NA,NA,NA,NA,NA
NA,NA,NA,NA,NA
NA,NA,NA,NA,NA
NA,NA,NA,NA,NA
NA,NA,NA,NA,NA
NA,NA,NA,NA,NA
NA,NA,NA,NA,NA
NA,NA,NA,NA,NA
NA,NA,NA,NA,NA
NA,NA,NA,NA,NA
NA,NA,NA,NA,NA
NA,NA,NA,NA,NA
NA,NA,NA,NA,NA
NA,NA,NA,NA,NA
NA,NA,NA,NA,NA
NA,NA,NA,NA,NA
NA,NA,NA,NA,NA
NA,NA,NA,NA,NA
NA,NA,NA,NA,NA
NA,NA,NA,NA,NA
NA,NA,NA,NA,NA
NA,NA,NA,NA,NA
NA,NA,NA,NA,NA
NA,NA,NA,NA,NA
NA,NA,NA,NA,NA
NA,NA,NA,NA,NA
NA,NA,NA,NA,NA
NA,NA,NA,NA,NA
NA,NA,NA,NA,NA
NA,NA,NA,NA,NA
NA,NA,NA,NA,NA
NA,NA,NA,NA,NA
NA,NA,NA,NA,NA
NA,NA,NA,NA,NA
NA,NA,NA,NA,NA
NA,NA,NA,NA,NA
NA,NA,NA,NA,NA
NA,NA,NA,NA,NA
NA,NA,NA,NA,NA
NA,NA,NA,NA,NA
NA,NA,NA,NA,NA
NA,NA,NA,NA,NA
NA,NA,NA,NA,NA
NA,NA,NA,NA,NA
NA,NA,NA,NA,NA
NA,NA,NA,NA,NA
NA,NA,NA,NA,NA
NA,NA,NA,NA,NA
NA,NA,NA,NA,NA
NA,NA,NA,NA,NA
NA,NA,NA,NA,NA
NA,NA,NA,NA,NA
NA,NA,NA,NA,NA
NA,NA,NA,NA,NA
NA,NA,NA,NA,NA
NA,NA,NA,NA,NA
NA,NA,NA,NA,NA
NA,NA,NA,NA,NA
NA,NA,NA,NA,NA
NA,NA,NA,NA,NA
NA,NA,NA,NA,NA
NA,NA,NA,NA,NA
NA,NA,NA,NA,NA
NA,NA,NA,NA,NA
NA,NA,NA,NA,NA
NA,NA,NA,NA,NA
NA,NA,NA,NA,NA
NA,NA,NA,NA,NA
NA,NA,NA,NA,NA
NA,NA,NA,NA,NA
NA,NA,NA,NA,NA
NA,NA,NA,NA,NA
NA,NA,NA,NA,NA
NA,NA,NA,NA,NA
NA,NA,NA,NA,NA
NA,NA,NA,NA,NA
NA,NA,NA,NA,NA
NA,NA,NA,NA,NA
NA,NA,NA,NA,NA
NA,NA,NA,NA,NA
NA,NA,NA,NA,NA
NA,NA,NA,NA,NA
NA,NA,NA,NA,NA
NA,NA,NA,NA,NA
NA,NA,NA,NA,NA
NA,NA,NA,NA,NA
NA,NA,NA,NA,NA
NA,NA,NA,NA,NA
NA,NA,NA,NA,NA
NA,NA,NA,NA,NA
NA,NA,NA,NA,NA
NA,NA,NA,NA,NA
NA,NA,NA,NA,NA
NA,NA,NA,NA,NA
NA,NA,NA,NA,NA
NA,NA,NA,NA,NA
NA,NA,NA,NA,NA
NA,NA,NA,NA,NA
NA,NA,NA,NA,NA
NA,NA,NA,NA,NA
NA,NA,NA,NA,NA
NA,NA,NA,NA,NA
NA,NA,NA,NA,NA
NA,NA,NA,NA,NA
NA,NA,NA,NA,NA
NA,NA,NA,NA,NA
NA,NA,NA,NA,NA
NA,NA,NA,NA,NA
NA,NA,NA,NA,NA
NA,NA,NA,NA,NA
NA,NA,NA,NA,NA
NA,NA,NA,NA,NA
NA,NA,NA,NA,NA
NA,NA,NA,NA,NA
NA,NA,NA,NA,NA
NA,NA,NA,NA,NA
NA,NA,NA,NA,NA
NA,NA,NA,NA,NA
NA,NA,NA,NA,NA
NA,NA,NA,NA,NA
NA,NA,NA,NA,NA
NA,NA,NA,NA,NA
NA,NA,NA,NA,NA
NA,NA,NA,NA,NA
NA,NA,NA,NA,NA
NA,NA,NA,NA,NA
NA,NA,NA,NA,NA
NA,NA,NA,NA,NA
NA,NA,NA,NA,NA
NA,NA,NA,NA,NA
NA,NA,NA,NA,NA
NA,NA,NA,NA,NA
NA,NA,NA,NA,NA
NA,NA,NA,NA,NA
NA,NA,NA,NA,NA
NA,NA,NA,NA,NA
NA,NA,NA,NA,NA
NA,NA,NA,NA,NA
NA,NA,NA,NA,NA
NA,NA,NA,NA,NA
NA,NA,NA,NA,NA
NA,NA,NA,NA,NA
NA,NA,NA,NA,NA
NA,NA,NA,NA,NA
NA,NA,NA,NA,NA
NA,NA,NA,NA,NA
NA,NA,NA,NA,NA
NA,NA,NA,NA,NA
NA,NA,NA,NA,NA
NA,NA,NA,NA,NA
NA,NA,NA,NA,NA
NA,NA,NA,NA,NA
NA,NA,NA,NA,NA
NA,NA,NA,NA,NA
NA,NA,NA,NA,NA
NA,NA,NA,NA,NA
NA,NA,NA,NA,NA
NA,NA,NA,NA,NA
NA,NA,NA,NA,NA
NA,NA,NA,NA,NA
NA,NA,NA,NA,NA
NA,NA,NA,NA,NA
NA,NA,NA,NA,NA
NA,NA,NA,NA,NA
NA,NA,NA,NA,NA
NA,NA,NA,NA,NA
NA,NA,NA,NA,NA
NA,NA,NA,NA,NA
NA,NA,NA,NA,NA
NA,NA,NA,NA,NA
NA,NA,NA,NA,NA
NA,NA,NA,NA,NA
NA,NA,NA,NA,NA
NA,NA,NA,NA,NA
NA,NA,NA,NA,NA
NA,NA,NA,NA,NA
NA,NA,NA,NA,NA
NA,NA,NA,NA,NA
NA,NA,NA,NA,NA
NA,NA,NA,NA,NA
NA,NA,NA,NA,NA
NA,NA,NA,NA,NA
NA,NA,NA,NA,NA
NA,NA,NA,NA,NA
NA,NA,NA,NA,NA
NA,NA,NA,NA,NA
NA,NA,NA,NA,NA
NA,NA,NA,NA,NA
NA,NA,NA,NA,NA
NA,NA,NA,NA,NA
NA,NA,NA,NA,NA
NA,NA,NA,NA,NA
NA,NA,NA,NA,NA
NA,NA,NA,NA,NA
NA,NA,NA,NA,NA
NA,NA,NA,NA,NA
NA,NA,NA,NA,NA
NA,NA,NA,NA,NA
NA,NA,NA,NA,NA
NA,NA,NA,NA,NA
NA,NA,NA,NA,NA
NA,NA,NA,NA,NA
NA,NA,NA,NA,NA
NA,NA,NA,NA,NA
NA,NA,NA,NA,NA
NA,NA,NA,NA,NA
NA,NA,NA,NA,NA
NA,NA,NA,NA,NA
NA,NA,NA,NA,NA
NA,NA,NA,NA,NA
NA,NA,NA,NA,NA
NA,NA,NA,NA,NA
NA,NA,NA,NA,NA
NA,NA,NA,NA,NA
NA,NA,NA,NA,NA
NA,NA,NA,NA,NA
NA,NA,NA,NA,NA
NA,NA,NA,NA,NA
NA,NA,NA,NA,NA
NA,NA,NA,NA,NA
NA,NA,NA,NA,NA
NA,NA,NA,NA,NA
NA,NA,NA,NA,NA
NA,NA,NA,NA,NA
NA,NA,NA,NA,NA
NA,NA,NA,NA,NA
NA,NA,NA,NA,NA
NA,NA,NA,NA,NA
NA,NA,NA,NA,NA
NA,NA,NA,NA,NA
NA,NA,NA,NA,NA
NA,NA,NA,NA,NA
NA,NA,NA,NA,NA
NA,NA,NA,NA,NA
NA,NA,NA,NA,NA
NA,NA,NA,NA,NA
NA,NA,NA,NA,NA
NA,NA,NA,NA,NA
NA,NA,NA,NA,NA
NA,NA,NA,NA,NA
NA,NA,NA,NA,NA
NA,NA,NA,NA,NA
NA,NA,NA,NA,NA
NA,NA,NA,NA,NA
NA,NA,NA,NA,NA
NA,NA,NA,NA,NA
NA,NA,NA,NA,NA
NA,NA,NA,NA,NA
NA,NA,NA,NA,NA
NA,NA,NA,NA,NA
NA,NA,NA,NA,NA
NA,NA,NA,NA,NA
NA,NA,NA,NA,NA
NA,NA,NA,NA,NA
NA,NA,NA,NA,NA
NA,NA,NA,NA,NA
NA,NA,NA,NA,NA
NA,NA,NA,NA,NA
NA,NA,NA,NA,NA
NA,NA,NA,NA,NA
NA,NA,NA,NA,NA
NA,NA,NA,NA,NA
NA,NA,NA,NA,NA
NA,NA,NA,NA,NA
NA,NA,NA,NA,NA
NA,NA,NA,NA,NA
NA,NA,NA,NA,NA
NA,NA,NA,NA,NA
NA,NA,NA,NA,NA
NA,NA,NA,NA,NA
NA,NA,NA,NA,NA
NA,NA,NA,NA,NA
NA,NA,NA,NA,NA
NA,NA,NA,NA,NA
NA,NA,NA,NA,NA
NA,NA,NA,NA,NA
NA,NA,NA,NA,NA
NA,NA,NA,NA,NA
NA,NA,NA,NA,NA
NA,NA,NA,NA,NA
NA,NA,NA,NA,NA
NA,NA,NA,NA,NA
NA,NA,NA,NA,NA
NA,NA,NA,NA,NA
NA,NA,NA,NA,NA
NA,NA,NA,NA,NA
NA,NA,NA,NA,NA
NA,NA,NA,NA,NA
NA,NA,NA,NA,NA
NA,NA,NA,NA,NA
NA,NA,NA,NA,NA
NA,NA,NA,NA,NA
NA,NA,NA,NA,NA
NA,NA,NA,NA,NA
NA,NA,NA,NA,NA
NA,NA,NA,NA,NA
NA,NA,NA,NA,NA
NA,NA,NA,NA,NA
NA,NA,NA,NA,NA
NA,NA,NA,NA,NA
NA,NA,NA,NA,NA
NA,NA,NA,NA,NA
NA,NA,NA,NA,NA
NA,NA,NA,NA,NA
NA,NA,NA,NA,NA
NA,NA,NA,NA,NA
NA,NA,NA,NA,NA
NA,NA,NA,NA,NA
NA,NA,NA,NA,NA
NA,NA,NA,NA,NA
NA,NA,NA,NA,NA
NA,NA,NA,NA,NA
NA,NA,NA,NA,NA
NA,NA,NA,NA,NA
NA,NA,NA,NA,NA
NA,NA,NA,NA,NA
NA,NA,NA,NA,NA
NA,NA,NA,NA,NA
NA,NA,NA,NA,NA
NA,NA,NA,NA,NA
NA,NA,NA,NA,NA
NA,NA,NA,NA,NA
NA,NA,NA,NA,NA
NA,NA,NA,NA,NA
NA,NA,NA,NA,NA
NA,NA,NA,NA,NA
NA,NA,NA,NA,NA
NA,NA,NA,NA,NA
NA,NA,NA,NA,NA
NA,NA,NA,NA,NA
NA,NA,NA,NA,NA
NA,NA,NA,NA,NA
NA,NA,NA,NA,NA
NA,NA,NA,NA,NA
NA,NA,NA,NA,NA
NA,NA,NA,NA,NA
NA,NA,NA,NA,NA
NA,NA,NA,NA,NA
NA,NA,NA,NA,NA
NA,NA,NA,NA,NA
NA,NA,NA,NA,NA
NA,NA,NA,NA,NA
NA,NA,NA,NA,NA
NA,NA,NA,NA,NA
NA,NA,NA,NA,NA
NA,NA,NA,NA,NA
NA,NA,NA,NA,NA
NA,NA,NA,NA,NA
NA,NA,NA,NA,NA
NA,NA,NA,NA,NA
NA,NA,NA,NA,NA
NA,NA,NA,NA,NA
NA,NA,NA,NA,NA
NA,NA,NA,NA,NA
NA,NA,NA,NA,NA
NA,NA,NA,NA,NA
NA,NA,NA,NA,NA
NA,NA,NA,NA,NA
NA,NA,NA,NA,NA
NA,NA,NA,NA,NA
NA,NA,NA,NA,NA
NA,NA,NA,NA,NA
NA,NA,NA,NA,NA
NA,NA,NA,NA,NA
NA,NA,NA,NA,NA
NA,NA,NA,NA,NA
NA,NA,NA,NA,NA
NA,NA,NA,NA,NA
NA,NA,NA,NA,NA
NA,NA,NA,NA,NA
NA,NA,NA,NA,NA
NA,NA,NA,NA,NA
NA,NA,NA,NA,NA
NA,NA,NA,NA,NA
NA,NA,NA,NA,NA
NA,NA,NA,NA,NA
NA,NA,NA,NA,NA
NA,NA,NA,NA,NA
NA,NA,NA,NA,NA
NA,NA,NA,NA,NA
NA,NA,NA,NA,NA
NA,NA,NA,NA,NA
NA,NA,NA,NA,NA
NA,NA,NA,NA,NA
NA,NA,NA,NA,NA
NA,NA,NA,NA,NA
NA,NA,NA,NA,NA
NA,NA,NA,NA,NA
NA,NA,NA,NA,NA
NA,NA,NA,NA,NA
NA,NA,NA,NA,NA
NA,NA,NA,NA,NA
NA,NA,NA,NA,NA
NA,NA,NA,NA,NA
NA,NA,NA,NA,NA
NA,NA,NA,NA,NA
NA,NA,NA,NA,NA
NA,NA,NA,NA,NA
NA,NA,NA,NA,NA
NA,NA,NA,NA,NA
NA,NA,NA,NA,NA
NA,NA,NA,NA,NA
NA,NA,NA,NA,NA
NA,NA,NA,NA,NA
NA,NA,NA,NA,NA
NA,NA,NA,NA,NA
NA,NA,NA,NA,NA
NA,NA,NA,NA,NA
NA,NA,NA,NA,NA
NA,NA,NA,NA,NA
NA,NA,NA,NA,NA
NA,NA,NA,NA,NA
NA,NA,NA,NA,NA
NA,NA,NA,NA,NA
NA,NA,NA,NA,NA
NA,NA,NA,NA,NA
NA,NA,NA,NA,NA
NA,NA,NA,NA,NA
NA,NA,NA,NA,NA
NA,NA,NA,NA,NA
NA,NA,NA,NA,NA
NA,NA,NA,NA,NA
NA,NA,NA,NA,NA
NA,NA,NA,NA,NA
NA,NA,NA,NA,NA
NA,NA,NA,NA,NA
NA,NA,NA,NA,NA
NA,NA,NA,NA,NA
NA,NA,NA,NA,NA
NA,NA,NA,NA,NA
NA,NA,NA,NA,NA
NA,NA,NA,NA,NA
NA,NA,NA,NA,NA
NA,NA,NA,NA,NA
NA,NA,NA,NA,NA
NA,NA,NA,NA,NA
NA,NA,NA,NA,NA
NA,NA,NA,NA,NA
NA,NA,NA,NA,NA
NA,NA,NA,NA,NA
NA,NA,NA,NA,NA
NA,NA,NA,NA,NA
NA,NA,NA,NA,NA
NA,NA,NA,NA,NA
NA,NA,NA,NA,NA
NA,NA,NA,NA,NA
NA,NA,NA,NA,NA
NA,NA,NA,NA,NA
NA,NA,NA,NA,NA
NA,NA,NA,NA,NA
NA,NA,NA,NA,NA
NA,NA,NA,NA,NA
NA,NA,NA,NA,NA
NA,NA,NA,NA,NA
NA,NA,NA,NA,NA
NA,NA,NA,NA,NA
NA,NA,NA,NA,NA
NA,NA,NA,NA,NA
NA,NA,NA,NA,NA
NA,NA,NA,NA,NA
NA,NA,NA,NA,NA
NA,NA,NA,NA,NA
NA,NA,NA,NA,NA
NA,NA,NA,NA,NA
NA,NA,NA,NA,NA
NA,NA,NA,NA,NA
NA,NA,NA,NA,NA
NA,NA,NA,NA,NA
NA,NA,NA,NA,NA
NA,NA,NA,NA,NA
NA,NA,NA,NA,NA
NA,NA,NA,NA,NA
NA,NA,NA,NA,NA
NA,NA,NA,NA,NA
NA,NA,NA,NA,NA
NA,NA,NA,NA,NA
NA,NA,NA,NA,NA
NA,NA,NA,NA,NA
NA,NA,NA,NA,NA
NA,NA,NA,NA,NA
NA,NA,NA,NA,NA
NA,NA,NA,NA,NA
NA,NA,NA,NA,NA
NA,NA,NA,NA,NA
NA,NA,NA,NA,NA
NA,NA,NA,NA,NA
NA,NA,NA,NA,NA
NA,NA,NA,NA,NA
NA,NA,NA,NA,NA
NA,NA,NA,NA,NA
NA,NA,NA,NA,NA
NA,NA,NA,NA,NA
NA,NA,NA,NA,NA
NA,NA,NA,NA,NA
NA,NA,NA,NA,NA
NA,NA,NA,NA,NA
NA,NA,NA,NA,NA
NA,NA,NA,NA,NA
NA,NA,NA,NA,NA
NA,NA,NA,NA,NA
NA,NA,NA,NA,NA
NA,NA,NA,NA,NA
NA,NA,NA,NA,NA
NA,NA,NA,NA,NA
NA,NA,NA,NA,NA
NA,NA,NA,NA,NA
NA,NA,NA,NA,NA
NA,NA,NA,NA,NA
NA,NA,NA,NA,NA
NA,NA,NA,NA,NA
NA,NA,NA,NA,NA
NA,NA,NA,NA,NA
NA,NA,NA,NA,NA
NA,NA,NA,NA,NA
NA,NA,NA,NA,NA
NA,NA,NA,NA,NA
NA,NA,NA,NA,NA
NA,NA,NA,NA,NA
NA,NA,NA,NA,NA
NA,NA,NA,NA,NA
NA,NA,NA,NA,NA
NA,NA,NA,NA,NA
NA,NA,NA,NA,NA
NA,NA,NA,NA,NA
NA,NA,NA,NA,NA
NA,NA,NA,NA,NA
NA,NA,NA,NA,NA
NA,NA,NA,NA,NA
NA,NA,NA,NA,NA
NA,NA,NA,NA,NA
NA,NA,NA,NA,NA
NA,NA,NA,NA,NA
NA,NA,NA,NA,NA
NA,NA,NA,NA,NA
NA,NA,NA,NA,NA
NA,NA,NA,NA,NA
NA,NA,NA,NA,NA
NA,NA,NA,NA,NA
NA,NA,NA,NA,NA
NA,NA,NA,NA,NA
NA,NA,NA,NA,NA
NA,NA,NA,NA,NA
NA,NA,NA,NA,NA
NA,NA,NA,NA,NA
NA,NA,NA,NA,NA
NA,NA,NA,NA,NA
NA,NA,NA,NA,NA
NA,NA,NA,NA,NA
NA,NA,NA,NA,NA
NA,NA,NA,NA,NA
NA,NA,NA,NA,NA
NA,NA,NA,NA,NA
NA,NA,NA,NA,NA
NA,NA,NA,NA,NA
NA,NA,NA,NA,NA
NA,NA,NA,NA,NA
NA,NA,NA,NA,NA
NA,NA,NA,NA,NA
NA,NA,NA,NA,NA
NA,NA,NA,NA,NA
NA,NA,NA,NA,NA
NA,NA,NA,NA,NA
NA,NA,NA,NA,NA
NA,NA,NA,NA,NA
NA,NA,NA,NA,NA
NA,NA,NA,NA,NA
NA,NA,NA,NA,NA
NA,NA,NA,NA,NA
NA,NA,NA,NA,NA
NA,NA,NA,NA,NA
NA,NA,NA,NA,NA
NA,NA,NA,NA,NA
NA,NA,NA,NA,NA
NA,NA,NA,NA,NA
NA,NA,NA,NA,NA
NA,NA,NA,NA,NA
NA,NA,NA,NA,NA
NA,NA,NA,NA,NA
NA,NA,NA,NA,NA
NA,NA,NA,NA,NA
NA,NA,NA,NA,NA
NA,NA,NA,NA,NA
NA,NA,NA,NA,NA
NA,NA,NA,NA,NA
NA,NA,NA,NA,NA
NA,NA,NA,NA,NA
NA,NA,NA,NA,NA
NA,NA,NA,NA,NA
NA,NA,NA,NA,NA
NA,NA,NA,NA,NA
NA,NA,NA,NA,NA
NA,NA,NA,NA,NA
NA,NA,NA,NA,NA
NA,NA,NA,NA,NA
NA,NA,NA,NA,NA
NA,NA,NA,NA,NA
NA,NA,NA,NA,NA
NA,NA,NA,NA,NA
NA,NA,NA,NA,NA
NA,NA,NA,NA,NA
NA,NA,NA,NA,NA
NA,NA,NA,NA,NA
NA,NA,NA,NA,NA
NA,NA,NA,NA,NA
NA,NA,NA,NA,NA
NA,NA,NA,NA,NA
NA,NA,NA,NA,NA
NA,NA,NA,NA,NA
NA,NA,NA,NA,NA
NA,NA,NA,NA,NA
NA,NA,NA,NA,NA
NA,NA,NA,NA,NA
NA,NA,NA,NA,NA
NA,NA,NA,NA,NA
NA,NA,NA,NA,NA
NA,NA,NA,NA,NA
NA,NA,NA,NA,NA
NA,NA,NA,NA,NA
NA,NA,NA,NA,NA
NA,NA,NA,NA,NA
NA,NA,NA,NA,NA
NA,NA,NA,NA,NA
NA,NA,NA,NA,NA
NA,NA,NA,NA,NA
NA,NA,NA,NA,NA
NA,NA,NA,NA,NA
NA,NA,NA,NA,NA
NA,NA,NA,NA,NA
NA,NA,NA,NA,NA
NA,NA,NA,NA,NA
NA,NA,NA,NA,NA
NA,NA,NA,NA,NA
NA,NA,NA,NA,NA
NA,NA,NA,NA,NA
NA,NA,NA,NA,NA
NA,NA,NA,NA,NA
NA,NA,NA,NA,NA
NA,NA,NA,NA,NA
NA,NA,NA,NA,NA
NA,NA,NA,NA,NA
NA,NA,NA,NA,NA
NA,NA,NA,NA,NA
NA,NA,NA,NA,NA
NA,NA,NA,NA,NA
NA,NA,NA,NA,NA
NA,NA,NA,NA,NA
NA,NA,NA,NA,NA
NA,NA,NA,NA,NA
NA,NA,NA,NA,NA
NA,NA,NA,NA,NA
NA,NA,NA,NA,NA
NA,NA,NA,NA,NA
NA,NA,NA,NA,NA
NA,NA,NA,NA,NA
NA,NA,NA,NA,NA
NA,NA,NA,NA,NA
NA,NA,NA,NA,NA
NA,NA,NA,NA,NA
NA,NA,NA,NA,NA
NA,NA,NA,NA,NA
NA,NA,NA,NA,NA
NA,NA,NA,NA,NA
NA,NA,NA,NA,NA
NA,NA,NA,NA,NA
NA,NA,NA,NA,NA
NA,NA,NA,NA,NA
NA,NA,NA,NA,NA
NA,NA,NA,NA,NA
NA,NA,NA,NA,NA
NA,NA,NA,NA,NA
NA,NA,NA,NA,NA
NA,NA,NA,NA,NA
NA,NA,NA,NA,NA
NA,NA,NA,NA,NA
NA,NA,NA,NA,NA
NA,NA,NA,NA,NA
NA,NA,NA,NA,NA
NA,NA,NA,NA,NA
NA,NA,NA,NA,NA
NA,NA,NA,NA,NA
NA,NA,NA,NA,NA
NA,NA,NA,NA,NA
NA,NA,NA,NA,NA
NA,NA,NA,NA,NA
NA,NA,NA,NA,NA
NA,NA,NA,NA,NA
NA,NA,NA,NA,NA
NA,NA,NA,NA,NA
NA,NA,NA,NA,NA
NA,NA,NA,NA,NA
NA,NA,NA,NA,NA
NA,NA,NA,NA,NA
NA,NA,NA,NA,NA
NA,NA,NA,NA,NA
NA,NA,NA,NA,NA
NA,NA,NA,NA,NA
NA,NA,NA,NA,NA
NA,NA,NA,NA,NA
NA,NA,NA,NA,NA
NA,NA,NA,NA,NA
NA,NA,NA,NA,NA
NA,NA,NA,NA,NA
NA,NA,NA,NA,NA
NA,NA,NA,NA,NA
NA,NA,NA,NA,NA
NA,NA,NA,NA,NA
NA,NA,NA,NA,NA
NA,NA,NA,NA,NA
NA,NA,NA,NA,NA
NA,NA,NA,NA,NA
NA,NA,NA,NA,NA
NA,NA,NA,NA,NA
NA,NA,NA,NA,NA
NA,NA,NA,NA,NA
NA,NA,NA,NA,NA
NA,NA,NA,NA,NA
NA,NA,NA,NA,NA
NA,NA,NA,NA,NA
NA,NA,NA,NA,NA
NA,NA,NA,NA,NA
NA,NA,NA,NA,NA
NA,NA,NA,NA,NA
NA,NA,NA,NA,NA
NA,NA,NA,NA,NA
NA,NA,NA,NA,NA
NA,NA,NA,NA,NA
NA,NA,NA,NA,NA
NA,NA,NA,NA,NA
NA,NA,NA,NA,NA
NA,NA,NA,NA,NA
NA,NA,NA,NA,NA
NA,NA,NA,NA,NA
NA,NA,NA,NA,NA
NA,NA,NA,NA,NA
NA,NA,NA,NA,NA
NA,NA,NA,NA,NA
NA,NA,NA,NA,NA
NA,NA,NA,NA,NA
NA,NA,NA,NA,NA
NA,NA,NA,NA,NA
NA,NA,NA,NA,NA
NA,NA,NA,NA,NA
NA,NA,NA,NA,NA
NA,NA,NA,NA,NA
NA,NA,NA,NA,NA
NA,NA,NA,NA,NA
NA,NA,NA,NA,NA
NA,NA,NA,NA,NA
NA,NA,NA,NA,NA
NA,NA,NA,NA,NA
NA,NA,NA,NA,NA
NA,NA,NA,NA,NA
NA,NA,NA,NA,NA
NA,NA,NA,NA,NA
NA,NA,NA,NA,NA
NA,NA,NA,NA,NA
NA,NA,NA,NA,NA
NA,NA,NA,NA,NA
NA,NA,NA,NA,NA
NA,NA,NA,NA,NA
NA,NA,NA,NA,NA
NA,NA,NA,NA,NA
NA,NA,NA,NA,NA
NA,NA,NA,NA,NA
NA,NA,NA,NA,NA
NA,NA,NA,NA,NA
NA,NA,NA,NA,NA
NA,NA,NA,NA,NA
NA,NA,NA,NA,NA
NA,NA,NA,NA,NA
NA,NA,NA,NA,NA
NA,NA,NA,NA,NA
NA,NA,NA,NA,NA
NA,NA,NA,NA,NA
NA,NA,NA,NA,NA
NA,NA,NA,NA,NA
NA,NA,NA,NA,NA
NA,NA,NA,NA,NA
NA,NA,NA,NA,NA
NA,NA,NA,NA,NA
NA,NA,NA,NA,NA
NA,NA,NA,NA,NA
NA,NA,NA,NA,NA
NA,NA,NA,NA,NA
NA,NA,NA,NA,NA
NA,NA,NA,NA,NA
NA,NA,NA,NA,NA
NA,NA,NA,NA,NA
NA,NA,NA,NA,NA
NA,NA,NA,NA,NA
NA,NA,NA,NA,NA
NA,NA,NA,NA,NA
NA,NA,NA,NA,NA
NA,NA,NA,NA,NA
NA,NA,NA,NA,NA
NA,NA,NA,NA,NA
NA,NA,NA,NA,NA
NA,NA,NA,NA,NA
NA,NA,NA,NA,NA
NA,NA,NA,NA,NA
NA,NA,NA,NA,NA
NA,NA,NA,NA,NA
NA,NA,NA,NA,NA
NA,NA,NA,NA,NA
NA,NA,NA,NA,NA
NA,NA,NA,NA,NA
NA,NA,NA,NA,NA
NA,NA,NA,NA,NA
NA,NA,NA,NA,NA
NA,NA,NA,NA,NA
NA,NA,NA,NA,NA
NA,NA,NA,NA,NA
NA,NA,NA,NA,NA
NA,NA,NA,NA,NA
NA,NA,NA,NA,NA
NA,NA,NA,NA,NA
NA,NA,NA,NA,NA
NA,NA,NA,NA,NA
NA,NA,NA,NA,NA
NA,NA,NA,NA,NA
NA,NA,NA,NA,NA
NA,NA,NA,NA,NA
NA,NA,NA,NA,NA
NA,NA,NA,NA,NA
NA,NA,NA,NA,NA
NA,NA,NA,NA,NA
NA,NA,NA,NA,NA
NA,NA,NA,NA,NA
NA,NA,NA,NA,NA
NA,NA,NA,NA,NA
NA,NA,NA,NA,NA
NA,NA,NA,NA,NA
NA,NA,NA,NA,NA
NA,NA,NA,NA,NA
NA,NA,NA,NA,NA
NA,NA,NA,NA,NA
NA,NA,NA,NA,NA
NA,NA,NA,NA,NA
NA,NA,NA,NA,NA
NA,NA,NA,NA,NA
NA,NA,NA,NA,NA
NA,NA,NA,NA,NA
NA,NA,NA,NA,NA
NA,NA,NA,NA,NA
NA,NA,NA,NA,NA
NA,NA,NA,NA,NA
NA,NA,NA,NA,NA
NA,NA,NA,NA,NA
NA,NA,NA,NA,NA
NA,NA,NA,NA,NA
NA,NA,NA,NA,NA
NA,NA,NA,NA,NA
NA,NA,NA,NA,NA
NA,NA,NA,NA,NA
NA,NA,NA,NA,NA
NA,NA,NA,NA,NA
NA,NA,NA,NA,NA
NA,NA,NA,NA,NA
NA,NA,NA,NA,NA
NA,NA,NA,NA,NA
NA,NA,NA,NA,NA
NA,NA,NA,NA,NA
NA,NA,NA,NA,NA
NA,NA,NA,NA,NA
NA,NA,NA,NA,NA
NA,NA,NA,NA,NA
NA,NA,NA,NA,NA
NA,NA,NA,NA,NA
NA,NA,NA,NA,NA
NA,NA,NA,NA,NA
NA,NA,NA,NA,NA
NA,NA,NA,NA,NA
NA,NA,NA,NA,NA
NA,NA,NA,NA,NA
NA,NA,NA,NA,NA
NA,NA,NA,NA,NA
NA,NA,NA,NA,NA
NA,NA,NA,NA,NA
NA,NA,NA,NA,NA
NA,NA,NA,NA,NA
NA,NA,NA,NA,NA
NA,NA,NA,NA,NA
NA,NA,NA,NA,NA
NA,NA,NA,NA,NA
NA,NA,NA,NA,NA
NA,NA,NA,NA,NA
NA,NA,NA,NA,NA
NA,NA,NA,NA,NA
NA,NA,NA,NA,NA
NA,NA,NA,NA,NA
NA,NA,NA,NA,NA
NA,NA,NA,NA,NA
NA,NA,NA,NA,NA
NA,NA,NA,NA,NA
NA,NA,NA,NA,NA
NA,NA,NA,NA,NA
NA,NA,NA,NA,NA
NA,NA,NA,NA,NA
NA,NA,NA,NA,NA
NA,NA,NA,NA,NA
NA,NA,NA,NA,NA
NA,NA,NA,NA,NA
NA,NA,NA,NA,NA
NA,NA,NA,NA,NA
NA,NA,NA,NA,NA
NA,NA,NA,NA,NA
NA,NA,NA,NA,NA
NA,NA,NA,NA,NA
NA,NA,NA,NA,NA
NA,NA,NA,NA,NA
NA,NA,NA,NA,NA
NA,NA,NA,NA,NA
NA,NA,NA,NA,NA
NA,NA,NA,NA,NA
NA,NA,NA,NA,NA
NA,NA,NA,NA,NA
NA,NA,NA,NA,NA
NA,NA,NA,NA,NA
NA,NA,NA,NA,NA
NA,NA,NA,NA,NA
NA,NA,NA,NA,NA
NA,NA,NA,NA,NA
NA,NA,NA,NA,NA
NA,NA,NA,NA,NA
NA,NA,NA,NA,NA
NA,NA,NA,NA,NA
NA,NA,NA,NA,NA
NA,NA,NA,NA,NA
NA,NA,NA,NA,NA
NA,NA,NA,NA,NA
NA,NA,NA,NA,NA
NA,NA,NA,NA,NA
NA,NA,NA,NA,NA
NA,NA,NA,NA,NA
NA,NA,NA,NA,NA
NA,NA,NA,NA,NA
NA,NA,NA,NA,NA
NA,NA,NA,NA,NA
NA,NA,NA,NA,NA
NA,NA,NA,NA,NA
NA,NA,NA,NA,NA
NA,NA,NA,NA,NA
NA,NA,NA,NA,NA
NA,NA,NA,NA,NA
NA,NA,NA,NA,NA
NA,NA,NA,NA,NA
NA,NA,NA,NA,NA
NA,NA,NA,NA,NA
NA,NA,NA,NA,NA
NA,NA,NA,NA,NA
NA,NA,NA,NA,NA
NA,NA,NA,NA,NA
NA,NA,NA,NA,NA
NA,NA,NA,NA,NA
NA,NA,NA,NA,NA
NA,NA,NA,NA,NA
NA,NA,NA,NA,NA
NA,NA,NA,NA,NA
NA,NA,NA,NA,NA
NA,NA,NA,NA,NA
NA,NA,NA,NA,NA
NA,NA,NA,NA,NA
NA,NA,NA,NA,NA
NA,NA,NA,NA,NA
NA,NA,NA,NA,NA
NA,NA,NA,NA,NA
NA,NA,NA,NA,NA
NA,NA,NA,NA,NA
NA,NA,NA,NA,NA
NA,NA,NA,NA,NA
NA,NA,NA,NA,NA
NA,NA,NA,NA,NA
NA,NA,NA,NA,NA
NA,NA,NA,NA,NA
NA,NA,NA,NA,NA
NA,NA,NA,NA,NA
NA,NA,NA,NA,NA
NA,NA,NA,NA,NA
NA,NA,NA,NA,NA
NA,NA,NA,NA,NA
NA,NA,NA,NA,NA
NA,NA,NA,NA,NA
NA,NA,NA,NA,NA
NA,NA,NA,NA,NA
NA,NA,NA,NA,NA
NA,NA,NA,NA,NA
NA,NA,NA,NA,NA
NA,NA,NA,NA,NA
NA,NA,NA,NA,NA
NA,NA,NA,NA,NA
NA,NA,NA,NA,NA
NA,NA,NA,NA,NA
NA,NA,NA,NA,NA
NA,NA,NA,NA,NA
NA,NA,NA,NA,NA
NA,NA,NA,NA,NA
NA,NA,NA,NA,NA
NA,NA,NA,NA,NA
NA,NA,NA,NA,NA
NA,NA,NA,NA,NA
NA,NA,NA,NA,NA
NA,NA,NA,NA,NA
NA,NA,NA,NA,NA
NA,NA,NA,NA,NA
NA,NA,NA,NA,NA
NA,NA,NA,NA,NA
NA,NA,NA,NA,NA
NA,NA,NA,NA,NA
NA,NA,NA,NA,NA
NA,NA,NA,NA,NA
NA,NA,NA,NA,NA
NA,NA,NA,NA,NA
NA,NA,NA,NA,NA
NA,NA,NA,NA,NA
NA,NA,NA,NA,NA
NA,NA,NA,NA,NA
NA,NA,NA,NA,NA
NA,NA,NA,NA,NA
NA,NA,NA,NA,NA
NA,NA,NA,NA,NA
NA,NA,NA,NA,NA
NA,NA,NA,NA,NA
NA,NA,NA,NA,NA
NA,NA,NA,NA,NA
NA,NA,NA,NA,NA
NA,NA,NA,NA,NA
NA,NA,NA,NA,NA
NA,NA,NA,NA,NA
NA,NA,NA,NA,NA
NA,NA,NA,NA,NA
