Europe,Americas & Caribbean,Africa,Asia,Australasia,Middle East
Albania,Argentina,Angola,Azerbaijan,Australia,Bahrain
Armenia,Bolivia,Cameroon,China,Fiji,Iraq
Austria,Brazil,Egypt,Chinese Taipei,New Zealand,Israel
Belarus,Chile,Ethiopia,Hong Kong SAR,Papua New Guinea,Jordan
Belgium,Colombia,Gabon,Indonesia,,Kuwait
Bulgaria,Ecuador,Ghana,Kazakhstan,,Lebanon
Croatia,Paraguay,Kenya,Korea,,Oman
Cyprus,Peru,Mauritius,Malaysia,,Qatar
Denmark,Uruguay,Morocco,Mongolia,,Saudi Arabia
Finland,Venezuela,Mozambique,Pakistan,,Turkey
France,Aruba,Namibia,Papua New Guinea,,United Arab Emirates
Georgia,Barbados,Nigeria,Philippines,,Iran
Germany,Belize,Rwanda,Sri Lanka,,
Greece,Cayman Islands,Senegal,Tajikistan,,
Hungary,Costa Rica,Seychelles,Thailand,,
Iceland,Dominican Republic,South Africa,Uzbekistan,,
Ireland,Grenada,Tanzania,Vietnam,,
Italy,Guatemala,Tunisia,Bangladesh,,
Latvia,Honduras,Zambia,India,,
Lithuania,Jamaica,,Japan,,
Moldova,Panama,,Macao SAR,,
Netherlands,Suriname,,Singapore,,
North Macedonia,Trinidad and Tobago,,,,
Norway,West Indies UK,,,,
Poland,Bahamas,,,,
Portugal,Bermuda,,,,
Romania,Haiti,,,,
Russia,Turks and Caicos Islands,,,,
Serbia,Canada,,,,
Slovakia,Mexico,,,,
Slovenia,United States,,,,
Spain,,,,,
Sweden,,,,,
Ukraine,,,,,
United Kingdom,,,,,
Luxembourg,,,,,
Malta,,,,,
Switzerland,,,,,